current_1_mean,current_1_std,current_1_rms,current_1_max,current_2_mean,current_2_std,current_2_rms,current_2_max,current_3_mean,current_3_std,current_3_rms,current_3_max,force_x_mean,force_x_std,force_x_rms,force_x_max,force_y_mean,force_y_std,force_y_rms,force_y_max,force_z_mean,force_z_std,force_z_rms,force_z_max,torque_x_mean,torque_x_std,torque_x_rms,torque_x_max,torque_y_mean,torque_y_std,torque_y_rms,torque_y_max,torque_z_mean,torque_z_std,torque_z_rms,torque_z_max,vibration_x_mean,vibration_x_std,vibration_x_rms,vibration_x_max,vibration_y_mean,vibration_y_std,vibration_y_rms,vibration_y_max,vibration_z_mean,vibration_z_std,vibration_z_rms,vibration_z_max,asset_id,source,condition,group,cut_depth_mm,cut_feed,spindle_rpm,is_fault,hour,failure_hour,split
-0.0006462109375,0.07621673186454374,0.0762194712963,0.216,0.00040649999999999996,0.07562537226106725,0.07562646475854203,0.312,0.00035494531249999995,0.07627853271325842,0.07627935853861449,0.258,19.118276156250005,185.52288285450638,186.505357954761,529.82,5.009829617187501,96.77334129901593,96.90293070371541,271.1,-4.273353343750001,87.49490877101894,87.59920438936342,617.17,-6.057931296875,9.967310584946166,11.663867793079511,50.086,-4.1054756093750004,60.2437574047962,60.38348479697996,169.55,-0.7649137109374999,12.030144934663719,12.054438192391851,40.903,-0.41770158593750034,148.19260288982667,148.19319156383924,495.02,-0.002612617187499936,96.04213299188078,96.04213302741606,489.32,0.08281624999999974,108.54810302908056,108.54813462120461,501.56,data_000-5542450,METALLICADOUR-Detection_and_Diagnostics_of_Multi-axis_Robot_Faults/METALLICADOUR-Detection_and_diagnostics_of_multi-axis_machining_robot_tool_wear/Healthy_tool/5mm_1890mm_mn_18000rpm/data_000.csv,5mm_1890mm_mn_18000rpm,5mm_1890mm_mn_18000rpm,5.0,1890.0,18000.0,0,0,,held_out
-0.0006911953125,0.07388649471048467,0.07388972764574586,0.201,0.0005720546875,0.07327127098578275,0.07327350406823398,0.28,0.00020692968750000003,0.07398259086039723,0.07398288025153184,0.238,-23.060808968750003,192.07430121445145,193.45371047698467,542.77,8.2255117421875,75.64784856102301,76.09373190567234,237.61,-16.739273476562502,43.42598257460654,46.54051180523459,167.54,-6.031472140625,8.9426670122267,10.7865633764746,33.878,-3.616372515625,65.57376916541588,65.67341435262077,175.44,-0.927438328125,10.298710350210103,10.340385714759387,36.626,0.3000875234375,74.623262127892,74.62386550648395,495.02,0.07934709375000001,55.545596482972,55.5456531567542,489.32,0.08398562499999997,52.60187845192692,52.601945498778846,501.29,data_001-3279915,METALLICADOUR-Detection_and_Diagnostics_of_Multi-axis_Robot_Faults/METALLICADOUR-Detection_and_diagnostics_of_multi-axis_machining_robot_tool_wear/Healthy_tool/5mm_1890mm_mn_18000rpm/data_001.csv,5mm_1890mm_mn_18000rpm,5mm_1890mm_mn_18000rpm,5.0,1890.0,18000.0,0,0,,train
-0.000679375,0.07460937093193706,0.07461246398055757,0.196,0.000561234375,0.07398711406201973,0.07398924267249936,0.269,0.0001953828125,0.07465615475460868,0.07465641042259867,0.238,14.982208796875002,198.6194233407561,199.18368886193383,560.46,-17.160635601562504,80.44444626477984,82.25446096775946,254.06,-18.901186875,45.53626622237849,49.30320888906726,173.58,-6.217792375,8.968791255684799,10.913301911275811,37.571,-5.4142288359375,67.07943782093025,67.29758429735755,173.53,1.587984953125,10.835874431821878,10.951614991112612,35.488,0.06014650781250006,69.12297588609069,69.12300205395796,495.02,0.10025310937500001,54.0184531888389,54.01854621887485,489.32,0.12059648437499997,51.75764168488209,51.757782180969535,501.56,data_003-3489527,METALLICADOUR-Detection_and_Diagnostics_of_Multi-axis_Robot_Faults/METALLICADOUR-Detection_and_diagnostics_of_multi-axis_machining_robot_tool_wear/Healthy_tool/5mm_1890mm_mn_18000rpm/data_003.csv,5mm_1890mm_mn_18000rpm,5mm_1890mm_mn_18000rpm,5.0,1890.0,18000.0,0,0,,train
-0.0006588749999999998,0.07563128874255268,0.07563415863963187,0.209,0.000462359375,0.07499232672452795,0.07499375203141927,0.298,0.0002735625,0.07570649776725638,0.07570699201939673,0.223,9.0313371796875,160.5449293842601,160.79875435540617,545.63,17.9405133203125,83.17867766147968,85.09144748862043,257.85,31.535095171875007,111.7229656246402,116.08825640633832,757.39,-5.726222,11.245198950713938,12.619196402086065,67.772,-0.47754061718749974,51.09471088648426,51.09694242921465,176.44,-2.105240953125,11.456742474456677,11.648561610633923,52.2,-0.07928463281250002,70.80054541336237,70.80058980603611,495.02,-0.046579289062499966,55.162022749763985,55.16204241573773,489.32,-0.0613955859375,55.3230374321912,55.32307149952541,501.56,data_002-7622008,METALLICADOUR-Detection_and_Diagnostics_of_Multi-axis_Robot_Faults/METALLICADOUR-Detection_and_diagnostics_of_multi-axis_machining_robot_tool_wear/Healthy_tool/5mm_1890mm_mn_18000rpm/data_002.csv,5mm_1890mm_mn_18000rpm,5mm_1890mm_mn_18000rpm,5.0,1890.0,18000.0,0,0,,train
-0.0006642734374999999,0.07650613945045673,0.07650902321172647,0.205,0.0004743124999999999,0.07589680306279273,0.07589828514202412,0.276,0.0003000546875,0.07653435864448077,0.07653494682782173,0.266,-19.3906511875,169.5920268042882,170.6969622139237,581.63,-0.4097418749999997,89.27136963819913,89.27230995938277,284.74,58.60867620312499,124.714821842469,137.79972319813103,707.64,-6.0469881640625,12.004516213471843,13.441520575285383,62.491,3.1065835078125,57.20833525434413,57.29262154644737,179.43,0.0864435234375003,12.53646644919013,12.53676447551018,46.977,-0.22103332812499998,63.01150337934942,63.01189105127624,495.02,-0.11522170312500006,53.063997419553054,53.06412251402263,489.32,-0.19036704687500003,52.44455103218596,52.44489653512621,501.56,data_006-3006898,METALLICADOUR-Detection_and_Diagnostics_of_Multi-axis_Robot_Faults/METALLICADOUR-Detection_and_diagnostics_of_multi-axis_machining_robot_tool_wear/Healthy_tool/5mm_1890mm_mn_18000rpm/data_006.csv,5mm_1890mm_mn_18000rpm,5mm_1890mm_mn_18000rpm,5.0,1890.0,18000.0,0,0,,train
-0.000598625,0.07538513110593743,0.07538750787597372,0.223,0.0005299062499999999,0.07477339796422396,0.07477527561801428,0.268,0.00015866406249999998,0.07542355249540936,0.07542371938132261,0.235,31.06272634375,214.1713683780279,216.41226397970988,642.61,9.5794495859375,105.32573578755762,105.76046744204525,313.5,-8.18089796875,55.41434822475241,56.01497193384299,194.45,-5.968178921875,10.116093189703632,11.745403401598486,40.464,-4.835926625,71.33306623907671,71.49680080528702,193.33,-1.236568609375,13.122763450279667,13.180896118917238,47.909,0.24483049218749992,50.096850689286036,50.09744894657335,495.02,0.17910310156249995,53.74999966745976,53.75029806589833,449.1,0.2181606796875,42.97790204851648,42.97845574906152,388.98,data_007-8826813,METALLICADOUR-Detection_and_Diagnostics_of_Multi-axis_Robot_Faults/METALLICADOUR-Detection_and_diagnostics_of_multi-axis_machining_robot_tool_wear/Healthy_tool/5mm_1890mm_mn_18000rpm/data_007.csv,5mm_1890mm_mn_18000rpm,5mm_1890mm_mn_18000rpm,5.0,1890.0,18000.0,0,0,,train
-0.0005721015625,0.07452355733752707,0.07452575325642471,0.206,0.0004834453125,0.07389998873692283,0.07390157004210059,0.265,0.00015593750000000002,0.07458566066775901,0.07458582367816287,0.248,6.0917365703124995,201.29870329716093,201.39085680229007,560.52,31.916807585937498,80.69667223848215,86.77923436423471,256.7,-20.3226138828125,42.9943622649134,47.55548150945895,165.03,-5.7211955859375,8.624570898734662,10.349652270479988,38.666,-5.137816375000001,66.75202471229338,66.94945825242984,161.08,-3.4748751015625006,10.406764723981166,10.971577324694833,37.358,0.024616539062499977,36.082931448449806,36.08293984541065,495.02,0.03628492187500001,46.41817666376392,46.418190845658266,489.32,0.022333046875000023,38.28441539536052,38.28442190930274,501.56,data_005-1808723,METALLICADOUR-Detection_and_Diagnostics_of_Multi-axis_Robot_Faults/METALLICADOUR-Detection_and_diagnostics_of_multi-axis_machining_robot_tool_wear/Healthy_tool/5mm_1890mm_mn_18000rpm/data_005.csv,5mm_1890mm_mn_18000rpm,5mm_1890mm_mn_18000rpm,5.0,1890.0,18000.0,0,0,,held_out
-0.0006640546874999999,0.07541703031185668,0.07541995379001169,0.215,0.00051809375,0.0747658629747976,0.0747676580313975,0.255,0.0002297109375,0.0754587122625525,0.07545906190403841,0.254,-7.811004179687501,160.47994111584273,160.66992029262803,558.34,15.86981575,83.46382765551992,84.95917595439167,370.8,43.6595244375,122.7680645021053,130.30023689810295,717.71,-5.8117841640625,12.045061271884585,13.373867660968594,83.417,1.2644141484375004,51.27144887880648,51.287037478010326,169.63,-1.8104349062499998,11.932487982433463,12.069049009788944,75.892,0.024686015624999995,42.79381259081473,42.79381971099496,372.98,0.03418721875000001,42.57837712946428,42.57839085433846,396.7,0.0208190078125,34.08893581987623,34.08894217723287,330.06,data_004-5735232,METALLICADOUR-Detection_and_Diagnostics_of_Multi-axis_Robot_Faults/METALLICADOUR-Detection_and_diagnostics_of_multi-axis_machining_robot_tool_wear/Healthy_tool/5mm_1890mm_mn_18000rpm/data_004.csv,5mm_1890mm_mn_18000rpm,5mm_1890mm_mn_18000rpm,5.0,1890.0,18000.0,0,0,,train
-0.0005938984374999999,0.09822592705382543,0.09822772246640711,0.268,0.0005240390625,0.097285701995455,0.09728711337935514,0.382,0.00021328906250000013,0.09822348584650373,0.09822371742131582,0.292,1.8157617734374998,203.84016128020886,203.84824831614188,772.35,8.870799804687504,138.46232306515432,138.74619273253592,395.44,-17.694529328124997,118.35089640329856,119.66633213902809,675.61,-3.384857890625,14.92114348632897,15.30025443838578,56.147,-7.417077007812501,60.58414374496741,61.036476836812064,206.88,-2.0618188749999997,15.431390137764039,15.568522687049903,49.638,-0.2490828515625002,106.9202431393481,106.9205332723526,495.02,-0.006064203124999949,71.49027984990471,71.49028010710443,489.32,-0.0029954609374999988,63.96696560960321,63.9669656797393,501.56,data_000-311183,METALLICADOUR-Detection_and_Diagnostics_of_Multi-axis_Robot_Faults/METALLICADOUR-Detection_and_diagnostics_of_multi-axis_machining_robot_tool_wear/Healthy_tool/5mm_2730mm_mn_14000rpm/data_000.csv,5mm_2730mm_mn_14000rpm,5mm_2730mm_mn_14000rpm,5.0,2730.0,14000.0,0,0,,train
-0.000613609375,0.09665608684485376,0.09665803453735752,0.256,0.0005033515625,0.09574487578333908,0.09574619888832403,0.275,0.00023042968749999995,0.09678758525746792,0.09678785955796575,0.307,-15.351887617187499,186.82006502736746,187.44977233979392,801.31,-14.011567351562498,112.41695266449145,113.28678328038926,352.22,11.399769539062497,118.3949359189666,118.94248861025207,711.03,-3.7123832421875003,14.081099904615899,14.562251332148076,60.734,-4.6298456796875,55.906534471102326,56.097915002130634,210.19,0.2950145156250002,13.114660207451,13.117977966185494,45.589,0.22363450000000004,65.17315712883249,65.17354081626283,495.02,0.07243656249999998,55.10491106458214,55.104958674252664,473.25,0.05300784374999998,46.68164718692757,46.6816772825943,437.4,data_001-5914150,METALLICADOUR-Detection_and_Diagnostics_of_Multi-axis_Robot_Faults/METALLICADOUR-Detection_and_diagnostics_of_multi-axis_machining_robot_tool_wear/Healthy_tool/5mm_2730mm_mn_14000rpm/data_001.csv,5mm_2730mm_mn_14000rpm,5mm_2730mm_mn_14000rpm,5.0,2730.0,14000.0,0,0,,train
-0.0005261093750000001,0.09723000054407352,0.09723142391673076,0.284,0.000626859375,0.09638328174766086,0.09638532021591774,0.353,0.000204265625,0.09737097148562524,0.09737118574044377,0.293,7.917721078124997,222.33158742487586,222.4725265598793,1268.5,-0.7042005390624999,130.1741835350016,130.17608827047883,448.7,28.009704656249998,134.9638031056321,137.8396594005738,729.19,-3.4086044765625,14.943880904536133,15.32769261717502,84.477,-3.385160296874999,64.57614428297207,64.66481052853064,434.79,-1.15918890625,15.115005154710461,15.159389821074491,70.913,0.06566975781250001,43.389789733246985,43.3898394282864,495.02,0.06921057812499999,38.30908895084373,38.309151469952724,483.48,0.0739240625,28.39802957525672,28.3981257924563,352.86,data_003-7365599,METALLICADOUR-Detection_and_Diagnostics_of_Multi-axis_Robot_Faults/METALLICADOUR-Detection_and_diagnostics_of_multi-axis_machining_robot_tool_wear/Healthy_tool/5mm_2730mm_mn_14000rpm/data_003.csv,5mm_2730mm_mn_14000rpm,5mm_2730mm_mn_14000rpm,5.0,2730.0,14000.0,0,0,,held_out
-0.0006002265625000001,0.09583504220279329,0.09583692183045896,0.252,0.0005072265625000001,0.09496343010418166,0.09496478471484837,0.337,0.00023931250000000002,0.09597029290437924,0.0959705912799593,0.279,-10.796200148437496,193.2689808916881,193.57028933324665,540.15,-4.904437210937504,112.6557351953245,112.76244133910502,367.82,-39.6794312265625,46.17542089085286,60.88207254119158,253.19,-3.3748231171874994,14.178427362500011,14.574540594680581,63.691,-9.13696553125,59.90497237750398,60.59777103713276,154.53,-0.5991788203125004,13.044420953763499,13.058174959683123,45.382,-0.003168468749999999,48.20347185559316,48.20347195972668,495.02,-0.0032087890624999814,36.70148825988097,36.70148840015222,489.32,-0.034374898437499996,30.637792277948563,30.637811561865302,501.56,data_002-6327263,METALLICADOUR-Detection_and_Diagnostics_of_Multi-axis_Robot_Faults/METALLICADOUR-Detection_and_diagnostics_of_multi-axis_machining_robot_tool_wear/Healthy_tool/5mm_2730mm_mn_14000rpm/data_002.csv,5mm_2730mm_mn_14000rpm,5mm_2730mm_mn_14000rpm,5.0,2730.0,14000.0,0,0,,train
-0.0005565859375,0.09555699069093102,0.09555861163606606,0.267,0.0006760390624999999,0.09471155401202894,0.0947139667218489,0.351,0.00019042187499999992,0.09579721064641977,0.09579739990273745,0.29,35.7363315078125,229.94638423252204,232.70673606762426,819.73,-5.3586919843750005,132.46034371309617,132.56869251967066,414.92,-5.6246567734375,74.56192644938386,74.77377641701872,374.01,-3.2049665078125,14.354794252399783,14.708226553358827,86.753,-5.4839723046875,65.48765989727109,65.71687417291868,264.75,-0.7505100859374998,15.417844474379807,15.436100337366875,56.124,0.03449765625000004,50.41270838112844,50.41272018458223,423.94,0.027998578125000007,45.61091201503791,45.61092060859884,413.54,0.030515890624999976,36.40605982856315,36.4060726179095,343.09,data_005-7950536,METALLICADOUR-Detection_and_Diagnostics_of_Multi-axis_Robot_Faults/METALLICADOUR-Detection_and_diagnostics_of_multi-axis_machining_robot_tool_wear/Healthy_tool/5mm_2730mm_mn_14000rpm/data_005.csv,5mm_2730mm_mn_14000rpm,5mm_2730mm_mn_14000rpm,5.0,2730.0,14000.0,0,0,,held_out
-0.0005607265624999999,0.09811488124468992,0.09811648350780565,0.331,0.0005921015624999999,0.09717240156894953,0.09717420548138019,0.345,0.00018146093749999998,0.09815186042424598,0.09815202816453923,0.317,-20.5288242890625,253.76806651551408,254.59706245303298,1064.3,17.013974742187493,122.61430691625561,123.7891093637947,380.94,54.2693177265625,192.22634263101955,199.74014530835984,1225.6,-3.126034296875,15.222087693758697,15.53975688940206,71.345,0.4681973203125008,78.13850307595057,78.1399057567968,336.36,-2.749710999999999,14.943840485989984,15.194712207022361,57.807,0.005156750000000059,43.43836443175126,43.43836473784094,495.02,0.017498757812499988,38.63278291579715,38.6327868788369,480.48,0.0020217343750000083,29.859616976934692,29.859617045378464,481.14,data_004-7322730,METALLICADOUR-Detection_and_Diagnostics_of_Multi-axis_Robot_Faults/METALLICADOUR-Detection_and_diagnostics_of_multi-axis_machining_robot_tool_wear/Healthy_tool/5mm_2730mm_mn_14000rpm/data_004.csv,5mm_2730mm_mn_14000rpm,5mm_2730mm_mn_14000rpm,5.0,2730.0,14000.0,0,0,,train
-0.0006410390625,0.0950289759190998,0.09503113803018726,0.239,0.0005024375,0.09411498416330204,0.0941163252974743,0.33,0.0002538906250000001,0.09514056997504029,0.09514090873869661,0.251,21.9261886171875,153.39241238243318,154.95157283415656,443.86,-2.799787523437499,106.143935923076,106.18085488174628,297.06,-21.299553109375,69.66826920413496,72.8514838322385,461.1,-3.622017265625,10.117870068525354,10.746641512400368,42.706,-3.1527207968749997,46.22630255709758,46.33368857023338,163.18,-0.7717986953125003,11.418189830410121,11.444244502341219,39.721,-1.585203249999999,193.7528535749346,193.7593381950244,495.02,-0.2679809921875001,124.6999859466096,124.70027389262945,489.32,-0.11775962500000016,107.23386857437914,107.2339332336388,501.56,data_000-3762831,METALLICADOUR-Detection_and_Diagnostics_of_Multi-axis_Robot_Faults/METALLICADOUR-Detection_and_diagnostics_of_multi-axis_machining_robot_tool_wear/Healthy_tool/5mm_1890mm_mn_14000rpm/data_000.csv,5mm_1890mm_mn_14000rpm,5mm_1890mm_mn_14000rpm,5.0,1890.0,14000.0,0,0,,train
-0.0006305546874999999,0.09344709926864275,0.09344922664708094,0.226,0.0004589609375,0.09261326648107898,0.09261440370394608,0.304,0.00023253906249999997,0.09371496468159134,0.0937152531858475,0.27,-19.012165835937495,142.40635023416922,143.66986822848435,437.66,6.323463398437499,77.52045256822795,77.77793231845558,235.68,-30.1855772578125,30.470306540730917,42.89065929865705,158.11,-3.5069886328125004,9.810905222433949,10.418868967131596,37.091,-2.4983292500000003,44.27787697372679,44.34830366927117,114.66,-1.5990211484374997,8.96925210055153,9.110672416259868,30.52,-4.732125156250001,149.86422280260197,149.9389151778895,495.02,0.21788459375000002,113.83187506642675,113.83208359173078,489.32,0.07671180468750004,96.0487749135309,96.04880554744604,501.56,data_001-1621809,METALLICADOUR-Detection_and_Diagnostics_of_Multi-axis_Robot_Faults/METALLICADOUR-Detection_and_diagnostics_of_multi-axis_machining_robot_tool_wear/Healthy_tool/5mm_1890mm_mn_14000rpm/data_001.csv,5mm_1890mm_mn_14000rpm,5mm_1890mm_mn_14000rpm,5.0,1890.0,14000.0,0,0,,train
-0.0006200312499999999,0.0937735546176214,0.09377560442020622,0.239,0.0004360078125,0.09292532762586818,0.0929263504996699,0.304,0.00023421874999999997,0.09404100967637549,0.09404130134879568,0.264,13.973809203124995,149.11616286590996,149.7694807746155,451.11,-24.878758453125,78.92649100085312,82.75471952630066,292.02,-32.16216525,32.43554587272906,45.67788862929435,206.93,-3.7366131015625,9.362495203462819,10.080604838283902,36.965,-4.050683515625,46.43991178143346,46.6162358327126,149.7,1.5229460234375,9.065346265648653,9.192380948721286,34.175,-2.15416253125,156.1898089664011,156.2046633144219,495.02,0.10359304687499994,118.49089642690936,118.490941711052,489.32,0.2702400078124999,96.58083612429246,96.58121419887647,501.56,data_003-7956416,METALLICADOUR-Detection_and_Diagnostics_of_Multi-axis_Robot_Faults/METALLICADOUR-Detection_and_diagnostics_of_multi-axis_machining_robot_tool_wear/Healthy_tool/5mm_1890mm_mn_14000rpm/data_003.csv,5mm_1890mm_mn_14000rpm,5mm_1890mm_mn_14000rpm,5.0,1890.0,14000.0,0,0,,held_out
-0.0006435625,0.09435454330838337,0.09435673805099984,0.246,0.0005213671875,0.09351260098747814,0.09351405438321825,0.312,0.000258359375,0.0945682956772953,0.09456864859389183,0.279,13.963567890625,132.96023001085612,133.6914507093698,510.47,9.948923984374996,84.44143495678087,85.02550809026151,287.09,15.924203499999996,91.19817420515325,92.5780062188795,519.11,-3.3414082265625,9.726708368311812,10.284642172614785,55.36,0.3617373749999997,40.32305536640468,40.3246779033709,173.02,-2.2106056484375003,9.292134243077294,9.551467747119991,35.964,-2.40021871875,165.92114483815382,165.93850473684958,495.02,-0.21064589843750006,107.24095609520629,107.24116297349863,489.32,-0.1827109765625,91.38552542127238,91.38570807201187,501.56,data_002-5070465,METALLICADOUR-Detection_and_Diagnostics_of_Multi-axis_Robot_Faults/METALLICADOUR-Detection_and_diagnostics_of_multi-axis_machining_robot_tool_wear/Healthy_tool/5mm_1890mm_mn_14000rpm/data_002.csv,5mm_1890mm_mn_14000rpm,5mm_1890mm_mn_14000rpm,5.0,1890.0,14000.0,0,0,,train
-0.00065465625,0.09471769833731887,0.09471996069005204,0.247,0.0004525625000000001,0.09380236828864501,0.09380346000748055,0.29,0.00025208593750000003,0.094885379905798,0.09488571476880753,0.289,-13.86355734375,138.43122958093423,139.1236987199261,588.61,1.7448910078124973,93.79007425627785,93.80630401858532,292.26,13.8442812578125,99.85365534990122,100.80881216581353,559.11,-3.4013215625,9.171983851167747,9.782345124642116,40.972,1.2061748437500004,44.552554455518546,44.56887889846053,165.78,-1.0746786328124998,10.228032251438462,10.284336531847305,36.165,0.3977291484375012,112.84684828729755,112.84754918407342,495.02,-0.09778668750000004,83.03841356778217,83.03847114494752,489.32,-0.10462615625000006,68.06959235433965,68.06967276194699,501.56,data_006-4034495,METALLICADOUR-Detection_and_Diagnostics_of_Multi-axis_Robot_Faults/METALLICADOUR-Detection_and_diagnostics_of_multi-axis_machining_robot_tool_wear/Healthy_tool/5mm_1890mm_mn_14000rpm/data_006.csv,5mm_1890mm_mn_14000rpm,5mm_1890mm_mn_14000rpm,5.0,1890.0,14000.0,0,0,,held_out
-0.0006337187499999998,0.09400435791385364,0.09400649395786442,0.236,0.0004432031250000001,0.09310577096300202,0.09310682582724535,0.275,0.00020782031249999992,0.094205372589785,0.09420560181890725,0.298,28.540616648437503,149.23649459121648,151.9411008139248,452.69,-3.0599977734375043,96.48340116506652,96.53191330721981,296.54,-36.068412164062494,35.526445091118006,50.62665954661549,204.72,-3.543905375,10.35982912374912,10.949215715302826,45.411,-5.0215841249999995,46.40444200196822,46.67535264610739,149.68,-0.8579376328124999,10.727725143725545,10.761976758064346,35.969,-1.206450031250001,123.39387055080682,123.39976827849868,495.02,0.28647528906249997,79.67662247735127,79.67713748302961,489.32,0.26246836718750005,74.14347204081906,74.14393660921634,501.56,data_007-7491475,METALLICADOUR-Detection_and_Diagnostics_of_Multi-axis_Robot_Faults/METALLICADOUR-Detection_and_diagnostics_of_multi-axis_machining_robot_tool_wear/Healthy_tool/5mm_1890mm_mn_14000rpm/data_007.csv,5mm_1890mm_mn_14000rpm,5mm_1890mm_mn_14000rpm,5.0,1890.0,14000.0,0,0,,train
-0.0006247499999999999,0.09371063014974608,0.09371271266815938,0.238,0.00042770312499999997,0.09289045711569012,0.09289144176470188,0.297,0.00025024218750000003,0.09398176765886614,0.0939821008141311,0.301,13.579003843750009,146.21878950273012,146.84796133767838,464.46,25.08181496875,81.44376221006027,85.21844779773599,274.68,-34.2007737578125,32.4136275523394,47.12044329943057,203.33,-3.2308536250000004,10.25343279455087,10.750409258188586,45.151,-4.26254640625,44.64808479435127,44.851095612805445,138.41,-3.7140020625,9.247583457887227,9.965521116873104,33.952,-9.457858492187501,160.18981168610452,160.46877221219046,495.02,0.12430849218749998,106.04210419091116,106.04217705157363,489.32,0.0860275234374999,97.57083995166754,97.57087787659138,501.56,data_005-7586717,METALLICADOUR-Detection_and_Diagnostics_of_Multi-axis_Robot_Faults/METALLICADOUR-Detection_and_diagnostics_of_multi-axis_machining_robot_tool_wear/Healthy_tool/5mm_1890mm_mn_14000rpm/data_005.csv,5mm_1890mm_mn_14000rpm,5mm_1890mm_mn_14000rpm,5.0,1890.0,14000.0,0,0,,train
-0.000620203125,0.09408581889335789,0.09408786302573781,0.237,0.0005071796874999999,0.0932281471295128,0.09322952669855994,0.269,0.0002368749999999999,0.09432272293625421,0.09432302037082463,0.267,-4.5097007578124995,124.35048335225041,124.4322309968897,431.22,10.359159867187504,84.55728735275652,85.18947727043866,294.24,18.2205737890625,86.02758257517529,87.93596689029623,517.7,-3.3595024921874996,9.396865065874865,9.97934517196762,40.986,1.1454090781250004,38.01179970306731,38.02905308605987,158.67,-2.1706853281250003,9.274191464899904,9.524836067952004,38.424,2.7930006093749995,143.52650848990885,143.55368156793418,495.02,0.05816536718749989,96.24108384063214,96.24110141737533,489.32,-0.12568760937499995,88.36688779050886,88.36697717561427,501.56,data_004-9453711,METALLICADOUR-Detection_and_Diagnostics_of_Multi-axis_Robot_Faults/METALLICADOUR-Detection_and_diagnostics_of_multi-axis_machining_robot_tool_wear/Healthy_tool/5mm_1890mm_mn_14000rpm/data_004.csv,5mm_1890mm_mn_14000rpm,5mm_1890mm_mn_14000rpm,5.0,1890.0,14000.0,0,0,,train
-0.0005350468749999999,0.10325596716941618,0.10325735340037533,0.327,0.000501125,0.10215627435140426,0.10215750347196725,0.357,0.00012543750000000003,0.10304601876920619,0.10304609511645747,0.355,-9.508518210937494,342.89153630388756,343.0233484581013,1674.1,-4.596790625000005,215.73670444946868,215.78567174575676,798.91,-45.199388812500004,121.35169484754039,129.4960176661588,932.38,-4.93430634375,29.00866524617144,29.425329878497646,172.18,-6.1670555703125,111.12374871969917,111.29474427809322,646.79,0.38238873437500004,24.8311076929759,24.83405183219895,121.16,-8.222961132812499,226.39207409495182,226.54136113038143,495.02,0.47889042968749995,131.0787401514119,131.07961495108614,489.32,0.3760225312500002,120.51854466124695,120.51913126225638,501.56,data_000-8976314,METALLICADOUR-Detection_and_Diagnostics_of_Multi-axis_Robot_Faults/METALLICADOUR-Detection_and_diagnostics_of_multi-axis_machining_robot_tool_wear/Healthy_tool/10mm_1890mm_mn_14000rpm/data_000.csv,10mm_1890mm_mn_14000rpm,10mm_1890mm_mn_14000rpm,10.0,1890.0,14000.0,0,0,,train
-0.0006354453124999999,0.10059470863105734,0.10059671562885392,0.362,0.0004885312499999999,0.0994805589975638,0.09948175853517066,0.361,0.00021425781250000007,0.10042333102373313,0.10042355958793983,0.381,-17.932777023437506,235.60364210648282,236.2851257815692,785.39,-2.0309268671875014,156.76073366533953,156.77388903524522,498.92,18.592291273437507,185.00107076817633,185.9329703956997,1060.2,-4.644782140625001,10.141521352058382,11.15457110193507,57.987,-1.1323504609375,52.141156333897605,52.153450522495014,286.81,-0.19580572656249978,17.33392724011119,17.335033125091613,57.66,-10.497633117187503,242.13738862738873,242.364839183315,495.02,0.13940597656249992,132.9865295350312,132.98660260266078,489.32,0.22993080468749988,134.41560945050864,134.4158061097229,501.56,data_001-6019379,METALLICADOUR-Detection_and_Diagnostics_of_Multi-axis_Robot_Faults/METALLICADOUR-Detection_and_diagnostics_of_multi-axis_machining_robot_tool_wear/Healthy_tool/10mm_1890mm_mn_14000rpm/data_001.csv,10mm_1890mm_mn_14000rpm,10mm_1890mm_mn_14000rpm,10.0,1890.0,14000.0,0,0,,train
-0.0006702421874999999,0.10129597444850706,0.10129819181042918,0.328,0.0005436953125,0.10031401819770588,0.10031549158311741,0.329,0.0001833203125,0.10153436977312424,0.10153453526540858,0.347,-7.566635117187492,216.14362580128716,216.276029512111,1266.8,-45.8519386015625,143.26746346403394,150.4259497591415,621.87,-1.6079944531249994,61.055289592295594,61.076460550365546,441.0,-4.78094753125,11.486550427746064,12.44179649510949,104.64,-1.754729578125,41.764324197207664,41.80117045660101,379.1,3.9328698124999995,16.081966140663816,16.55587810753423,81.16,-6.020558789062501,38.7635435901265,39.22829896638644,495.02,-0.9366683281249999,28.55974535736516,28.57510109228755,375.73,-0.8540764765625002,22.261393570242923,22.277771215206208,412.05,data_003-897415,METALLICADOUR-Detection_and_Diagnostics_of_Multi-axis_Robot_Faults/METALLICADOUR-Detection_and_diagnostics_of_multi-axis_machining_robot_tool_wear/Healthy_tool/10mm_1890mm_mn_14000rpm/data_003.csv,10mm_1890mm_mn_14000rpm,10mm_1890mm_mn_14000rpm,10.0,1890.0,14000.0,0,0,,train
-0.0005285468749999999,0.11369465390114404,0.11369588245622618,0.39,0.0005321328124999998,0.11237931741698452,0.11238057727400008,0.455,0.00011416406249999997,0.11310842242900983,0.11310848004377258,0.421,29.596162109374998,442.16542900661517,443.15482556349133,1207.3,60.795342171875006,316.36463047893045,322.1531515411041,942.71,25.86519853125,175.0847765782666,176.98499225788188,987.47,-4.1875021015625,14.606965745124672,15.19534870050161,103.74,1.7894273906249996,63.78897198403554,63.814065825383594,304.05,-6.1299090390625,33.09194665833365,33.65490630599319,107.44,-1.163664367187497,118.58160427981565,118.58731377484801,495.02,1.1956719999999998,62.88821678087558,62.89958220377926,489.32,1.0590045156250008,51.91917176337097,51.929970991312246,501.56,data_002-3581745,METALLICADOUR-Detection_and_Diagnostics_of_Multi-axis_Robot_Faults/METALLICADOUR-Detection_and_diagnostics_of_multi-axis_machining_robot_tool_wear/Healthy_tool/10mm_1890mm_mn_14000rpm/data_002.csv,10mm_1890mm_mn_14000rpm,10mm_1890mm_mn_14000rpm,10.0,1890.0,14000.0,0,0,,held_out
-0.0007176406250000001,0.08107784015258639,0.08108101610041034,0.249,0.0005656093749999999,0.08032244204087617,0.08032443345193914,0.301,0.00039901562500000006,0.08092218053263274,0.08092316427096138,0.259,44.81322564062499,349.15980698535225,352.0238571551167,926.45,17.902987554687503,191.91889200515257,192.75211560932016,472.13,17.080169078125,107.52707355256675,108.87517495975123,565.6,-6.106377039062499,9.98582499965526,11.704893910964323,47.814,-1.2503146015625002,105.60014210669877,105.60754376254496,304.42,-2.2040269140625006,20.888010192051617,21.00396877785634,58.62,0.0792428984375,23.770343267709176,23.770475352875877,180.07,0.03544778124999998,56.03570363778898,56.03571484979301,240.27,0.0767090546875,43.19811717097368,43.19818527897025,158.45,data_000-4500932,METALLICADOUR-Detection_and_Diagnostics_of_Multi-axis_Robot_Faults/METALLICADOUR-Detection_and_diagnostics_of_multi-axis_machining_robot_tool_wear/Tool_surface_damage/5mm_1890mm_mn_18000rpm/data_000.csv,5mm_1890mm_mn_18000rpm,5mm_1890mm_mn_18000rpm,5.0,1890.0,18000.0,1,0,1.0,train
-0.0006025,0.07718635298742905,0.07718870444404415,0.216,0.0005741640624999999,0.07642379690951526,0.07642595369661735,0.258,0.00015175000000000006,0.07709233021635485,0.07709247956999438,0.257,-44.6581275390625,400.12611457655294,402.61055117995096,941.68,-14.010705937500003,167.39024462235372,167.9755752352065,400.92,-4.284175539062501,44.46473190315563,44.670645207664144,169.91,-6.2965781875,10.306353195793807,12.077574800751599,39.277,0.11738047656250024,136.0809125762967,136.08096320122803,299.49,1.53018159375,19.489335656177424,19.54931354367718,53.588,0.022893531250000005,28.16131860392475,28.161327909484864,121.7,0.053395476562499995,64.62658208396596,64.62660414204437,236.31,0.0451142578125,47.045756022331425,47.0457776533558,167.09,data_001-7223168,METALLICADOUR-Detection_and_Diagnostics_of_Multi-axis_Robot_Faults/METALLICADOUR-Detection_and_diagnostics_of_multi-axis_machining_robot_tool_wear/Tool_surface_damage/5mm_1890mm_mn_18000rpm/data_001.csv,5mm_1890mm_mn_18000rpm,5mm_1890mm_mn_18000rpm,5.0,1890.0,18000.0,1,0,1.0,train
-0.0006504296875,0.080005693912428,0.08000833779792892,0.249,0.0005024765625,0.07926232816251134,0.07926392084951073,0.3,0.0002876328125000002,0.07981226160999745,0.07981277990358124,0.27,75.41007600781249,407.89191552058986,414.804163805717,1014.4,-31.968672312499997,216.89736998559457,219.24065570986576,507.3,32.337866617187494,82.75692616830364,88.85069749966553,314.52,-6.996797914062499,12.131617179843687,14.004689087891519,57.757,-0.003143093750000389,130.4580496263135,130.4580496641764,315.77,2.8644728125000003,24.701287940239162,24.86682187976896,71.043,0.011428289062500046,69.44857765282255,69.44857859312826,495.02,0.023699179687499964,75.79906366761996,75.79906737248832,483.7,0.006039898437499983,58.97982216256564,58.97982247182711,366.06,data_003-2481776,METALLICADOUR-Detection_and_Diagnostics_of_Multi-axis_Robot_Faults/METALLICADOUR-Detection_and_diagnostics_of_multi-axis_machining_robot_tool_wear/Tool_surface_damage/5mm_1890mm_mn_18000rpm/data_003.csv,5mm_1890mm_mn_18000rpm,5mm_1890mm_mn_18000rpm,5.0,1890.0,18000.0,1,0,1.0,held_out
-0.00070609375,0.08094214587278503,0.08094522559654152,0.255,0.0005885859375000001,0.08015289245034565,0.0801550534998418,0.282,0.0002523046875000001,0.0807691362203544,0.08076953029105406,0.262,28.256204570312498,313.18949791902503,314.46156315755087,991.23,31.29473240625,173.65920947009477,176.45645726398635,559.45,93.743260984375,146.82367632910496,174.19813693257004,670.87,-5.762957671874999,12.249537969408232,13.537461416077862,75.342,6.4046758671875015,90.81922144232891,91.04477391017295,333.83,-3.4947205937500003,19.456271625078593,19.767639656196152,74.714,0.00794849218749994,45.98834770478052,45.988348391677654,495.02,0.02914254687500001,56.14238789600532,56.14239545970195,418.24,0.018401382812500013,38.831347697225716,38.831352057245276,308.44,data_002-8054736,METALLICADOUR-Detection_and_Diagnostics_of_Multi-axis_Robot_Faults/METALLICADOUR-Detection_and_diagnostics_of_multi-axis_machining_robot_tool_wear/Tool_surface_damage/5mm_1890mm_mn_18000rpm/data_002.csv,5mm_1890mm_mn_18000rpm,5mm_1890mm_mn_18000rpm,5.0,1890.0,18000.0,1,0,1.0,train
-0.0006784687499999999,0.08171803126165164,0.08172084772642169,0.267,0.000449515625,0.08094119488525532,0.08094244309229862,0.288,0.00042189062499999996,0.08156449724865308,0.0815655883514917,0.269,5.719005140624999,342.86729697140896,342.9149899789725,948.54,-21.0452661875,204.12425323978087,205.20627180863875,480.48,168.48210422656248,215.3899843927912,273.4576106480438,1274.9,-6.765839617187499,15.893979487811007,17.27411849225485,94.245,15.588384859375001,107.10246327087735,108.23093541688357,313.52,2.1021029765625,23.938308637101052,24.030427739205553,63.807,0.010659515625000001,61.04341495398102,61.04341588467332,495.02,0.030904835937500017,63.90438043671281,63.904387909665544,489.32,0.023394757812499997,53.87658778502541,53.87659286436219,480.35,data_006-483692,METALLICADOUR-Detection_and_Diagnostics_of_Multi-axis_Robot_Faults/METALLICADOUR-Detection_and_diagnostics_of_multi-axis_machining_robot_tool_wear/Tool_surface_damage/5mm_1890mm_mn_18000rpm/data_006.csv,5mm_1890mm_mn_18000rpm,5mm_1890mm_mn_18000rpm,5.0,1890.0,18000.0,1,0,1.0,train
-0.0005764453125,0.07960373146005277,0.07960581857855932,0.227,0.00049028125,0.07886395524443279,0.07886547921936442,0.309,0.00024557031249999997,0.07945254194664962,0.0794529214476252,0.239,74.288364328125,416.55841140656486,423.13079678523656,950.62,31.403590085937488,217.08667779518356,219.3463269499524,561.31,31.646835703125,85.14375908708078,90.83491576205395,327.66,-6.1526408984375,13.762321574208084,15.075028528564681,58.27,-0.04364545312499945,132.90940920337192,132.90941636962722,316.53,-3.7245340546875,24.78106337564557,25.059394564759323,77.107,0.026921867187499962,85.00149656454748,85.00150082792486,495.02,0.046270015625000056,83.44172471824712,83.44173754704583,489.32,0.021152546875000084,66.28402732636069,66.28403070145907,441.18,data_007-2096614,METALLICADOUR-Detection_and_Diagnostics_of_Multi-axis_Robot_Faults/METALLICADOUR-Detection_and_diagnostics_of_multi-axis_machining_robot_tool_wear/Tool_surface_damage/5mm_1890mm_mn_18000rpm/data_007.csv,5mm_1890mm_mn_18000rpm,5mm_1890mm_mn_18000rpm,5.0,1890.0,18000.0,1,0,1.0,train
-0.0005209921874999999,0.07949039198986922,0.07949209930277662,0.227,0.00061259375,0.07877116567245569,0.07877354766988726,0.276,7.452343750000003e-05,0.07935453240644016,0.079354567399662,0.262,-0.7514976562499942,438.67067549571215,438.6713191999127,1002.0,56.843279429687506,197.3627445070562,205.38551880714246,554.14,46.05548949999999,93.07428614423266,103.84570696154516,420.9,-5.3752693984375,13.561977587266188,14.588377469180356,55.147,4.0360427421875,139.32048453098858,139.37893331119375,324.49,-5.8970936171875,23.279920791182093,24.015212369945555,77.099,-0.010773382812500077,80.00707943320496,80.00708015855187,495.02,0.019825882812499942,81.49966594593093,81.49966835738634,489.32,0.004326593749999992,60.833905739262775,60.83390589311952,400.19,data_005-6882108,METALLICADOUR-Detection_and_Diagnostics_of_Multi-axis_Robot_Faults/METALLICADOUR-Detection_and_diagnostics_of_multi-axis_machining_robot_tool_wear/Tool_surface_damage/5mm_1890mm_mn_18000rpm/data_005.csv,5mm_1890mm_mn_18000rpm,5mm_1890mm_mn_18000rpm,5.0,1890.0,18000.0,1,0,1.0,train
-0.0005602890625000001,0.08238799512203791,0.08238990025520422,0.272,0.0003929765624999999,0.0816690597915381,0.08167000525169874,0.297,0.00030921875,0.08224842319546101,0.08224900445826076,0.291,-1.3625805703125007,343.13891679495987,343.1416221402309,1015.4,0.48612758593750277,168.85085646833804,168.85155625614203,550.42,190.48795828125003,238.02332126227884,304.8618764537233,1245.4,-6.1687374609375,18.358425604252187,19.36711420240083,98.796,18.062593500000002,96.38556506774647,98.06342048580109,347.05,-0.05610724218750011,21.61243636331813,21.61250919215771,91.681,0.023992312499999984,54.65592280823038,54.65592807418329,495.02,0.03299459375000002,60.18648631895937,60.18649536287605,489.32,0.02198019531250001,46.63124184568777,46.631247026001866,349.06,data_004-2299004,METALLICADOUR-Detection_and_Diagnostics_of_Multi-axis_Robot_Faults/METALLICADOUR-Detection_and_diagnostics_of_multi-axis_machining_robot_tool_wear/Tool_surface_damage/5mm_1890mm_mn_18000rpm/data_004.csv,5mm_1890mm_mn_18000rpm,5mm_1890mm_mn_18000rpm,5.0,1890.0,18000.0,1,0,1.0,held_out
-0.0005066718750000001,0.1047769524656357,0.10477817751982042,0.329,0.0007364687499999998,0.10356820248949614,0.10357082095419057,0.369,0.00016564062500000004,0.10442417719059773,0.10442430856247026,0.325,22.125505023437505,450.66575705125587,451.208557710427,1461.9,31.774553359375005,299.16938620494216,300.8520298808529,763.22,104.46678950781252,220.08603863422928,243.62096484452454,1084.4,-4.813267765625,20.911795378483205,21.458581792261022,81.755,8.062010453125,114.54685204273267,114.83021085692556,439.91,-4.661358023437501,32.24802343265832,32.583174706218315,85.731,0.005714406250000012,37.97185118501679,37.97185161499897,286.81,0.025599164062499995,43.84786541338801,43.847872886011125,234.67,0.013637632812499995,35.67887408859707,35.67887669497166,261.87,data_000-5571024,METALLICADOUR-Detection_and_Diagnostics_of_Multi-axis_Robot_Faults/METALLICADOUR-Detection_and_diagnostics_of_multi-axis_machining_robot_tool_wear/Tool_surface_damage/5mm_2730mm_mn_14000rpm/data_000.csv,5mm_2730mm_mn_14000rpm,5mm_2730mm_mn_14000rpm,5.0,2730.0,14000.0,1,0,1.0,train
-0.0005265546875,0.10200482562652893,0.10200618467003607,0.3,0.00072246875,0.10085191406292333,0.10085450178970695,0.406,0.00014562499999999995,0.1018129979096941,0.10181310205469628,0.383,19.038152625000002,427.64105800771654,428.0646280053188,1214.6,-37.94522735156251,247.8778984055685,250.76541387664108,651.32,164.827715203125,245.73766744093106,295.89724043727085,1369.4,-6.016044,19.152162089832988,20.07481253026219,70.989,13.163010804687499,110.7619117188664,111.54131943393118,397.34,2.533694312499999,27.502031733086195,27.618496633902343,82.349,0.010217406249999983,38.86909706127274,38.86909840418261,340.67,0.0300286015625,41.31142127413116,41.31143218778125,260.06,0.017476734375000035,34.32733817911488,34.32734262799208,239.83,data_001-4153900,METALLICADOUR-Detection_and_Diagnostics_of_Multi-axis_Robot_Faults/METALLICADOUR-Detection_and_diagnostics_of_multi-axis_machining_robot_tool_wear/Tool_surface_damage/5mm_2730mm_mn_14000rpm/data_001.csv,5mm_2730mm_mn_14000rpm,5mm_2730mm_mn_14000rpm,5.0,2730.0,14000.0,1,0,1.0,train
-0.0005011015624999999,0.10194848836562787,0.10194971987608648,0.3,0.0007013671875000001,0.10079968803278014,0.10080212806998422,0.349,0.00018456249999999997,0.10164627897977178,0.1016464465377418,0.321,44.81693765625001,394.2051370543404,396.7445626356024,1232.6,-2.1832748281250023,247.75631775812198,247.765937283636,711.13,170.364735390625,218.92711392332558,277.4044417011279,1239.0,-5.2808694296875,18.971249260465406,19.692533621556095,75.692,13.1157169609375,102.68224637982553,103.51649990705162,432.44,-1.2986445312500003,26.930558484297595,26.961851900318692,88.684,0.058598218750000056,50.6330938645084,50.63312777266835,495.02,0.06996185156250004,44.407307844305265,44.407362955252935,489.32,0.07148993750000007,38.09814865153812,38.09821572575098,387.86,data_003-5890586,METALLICADOUR-Detection_and_Diagnostics_of_Multi-axis_Robot_Faults/METALLICADOUR-Detection_and_diagnostics_of_multi-axis_machining_robot_tool_wear/Tool_surface_damage/5mm_2730mm_mn_14000rpm/data_003.csv,5mm_2730mm_mn_14000rpm,5mm_2730mm_mn_14000rpm,5.0,2730.0,14000.0,1,0,1.0,train
-0.000490609375,0.10088673850197638,0.10088793140472749,0.309,0.00071828125,0.09971306103412882,0.09971564806363141,0.337,0.0001714375,0.10064883778108714,0.10064898378771642,0.295,9.59286757812502,435.42424818092024,435.5299059907265,1311.3,-16.65997862500001,282.6650071052031,283.15554229004584,698.48,60.69472813281249,117.10267473677267,131.8972571876398,511.25,-5.41549584375,20.432773860428746,21.13825543570457,83.763,4.2833929453125,115.72917058037144,115.80841238159111,422.52,0.4310321249999997,30.83323453394941,30.83624718603599,82.308,-0.027465703125000036,40.41758966449793,40.41759899663237,364.08,-0.0162920859375,45.829806654462814,45.829809550308056,489.32,-0.03243273437499999,37.86377262429407,37.863786514643515,350.5,data_002-7594253,METALLICADOUR-Detection_and_Diagnostics_of_Multi-axis_Robot_Faults/METALLICADOUR-Detection_and_diagnostics_of_multi-axis_machining_robot_tool_wear/Tool_surface_damage/5mm_2730mm_mn_14000rpm/data_002.csv,5mm_2730mm_mn_14000rpm,5mm_2730mm_mn_14000rpm,5.0,2730.0,14000.0,1,0,1.0,held_out
-0.0006463125000000001,0.10217426251643486,0.10217630664995189,0.289,0.0007183125,0.10106692520751952,0.10106947780487441,0.412,0.00015264843749999995,0.10220228044491977,0.10220239444204574,0.367,92.6424689765625,339.47698843851595,351.8909671153234,1036.0,15.132211601562496,256.86509709459466,257.31043883482454,766.41,6.666086984375,80.86281644538964,81.13711727171498,404.1,-6.2132526484375,18.941362807714174,19.93438570628083,76.119,-4.180802695312501,85.79069871876655,85.89250897389891,328.3,-3.775539999999999,27.785359752858326,28.040701112621264,93.699,-0.01091978906249997,32.60752695479885,32.607528783238486,275.61,-5.0121380546875,38.49844881060078,38.82334463569175,220.7,-0.7766784531250001,30.52646848711758,30.53634732109476,201.91,data_005-3351391,METALLICADOUR-Detection_and_Diagnostics_of_Multi-axis_Robot_Faults/METALLICADOUR-Detection_and_diagnostics_of_multi-axis_machining_robot_tool_wear/Tool_surface_damage/5mm_2730mm_mn_14000rpm/data_005.csv,5mm_2730mm_mn_14000rpm,5mm_2730mm_mn_14000rpm,5.0,2730.0,14000.0,1,0,1.0,train
-0.0005531640624999999,0.10152422518090182,0.10152573215230955,0.299,0.00072084375,0.10034942012120991,0.10035200911977299,0.399,0.00020035156250000004,0.10128557334124097,0.10128577149734556,0.315,-23.63592456250001,388.8693384829558,389.58698559127447,1090.2,41.496823328125,255.67523769319774,259.0208746719051,658.4,107.6708332109375,186.97002904506724,215.7563442530736,1001.8,-4.45329465625,19.23702477008219,19.7457579064502,80.02,9.139167843750002,100.89252314139003,101.30560505081718,335.76,-5.499313859375001,27.6208972028391,28.163032777272388,76.213,0.11040119531250013,42.096183558386414,42.09632832688961,428.37,5.897794820312496,90.53151121224226,90.72341762805705,489.32,1.9911194765624998,71.61939231085586,71.6470649206667,501.56,data_004-207449,METALLICADOUR-Detection_and_Diagnostics_of_Multi-axis_Robot_Faults/METALLICADOUR-Detection_and_diagnostics_of_multi-axis_machining_robot_tool_wear/Tool_surface_damage/5mm_2730mm_mn_14000rpm/data_004.csv,5mm_2730mm_mn_14000rpm,5mm_2730mm_mn_14000rpm,5.0,2730.0,14000.0,1,0,1.0,train
-0.000618015625,0.09838752236278367,0.09838946335863409,0.273,0.0004936328124999999,0.09746893843404124,0.09747018843119418,0.364,0.00024255468749999996,0.0983479529370646,0.09834825204185127,0.296,50.5654930546875,289.26341146975176,293.6497749070865,768.94,6.5092971171875,200.93160905326476,201.03701765021745,492.51,13.619034023437502,123.83400405734942,124.58065118069972,663.26,-4.431700367187501,14.606059758906357,15.263582470222167,62.282,0.9430148281249999,71.99323704820019,71.99941289791471,209.7,-2.1391023984374997,21.388170491956323,21.494873715934975,58.221,0.01585263281250002,21.71018719175279,21.710192979495,163.47,0.04372045312499999,29.306006014034644,29.306038626410363,245.61,0.04120575781249999,25.520342414233056,25.5203756801145,159.69,data_000-833121,METALLICADOUR-Detection_and_Diagnostics_of_Multi-axis_Robot_Faults/METALLICADOUR-Detection_and_diagnostics_of_multi-axis_machining_robot_tool_wear/Tool_surface_damage/5mm_1890mm_mn_14000rpm/data_000.csv,5mm_1890mm_mn_14000rpm,5mm_1890mm_mn_14000rpm,5.0,1890.0,14000.0,1,0,1.0,held_out
-0.0006414609375,0.09539097918921978,0.09539313593132633,0.244,0.000463546875,0.09457955835522641,0.0945806943005548,0.346,0.000247140625,0.09549572396977508,0.09549604376622102,0.303,-44.10799012499999,294.3688794530212,297.65508895917503,762.85,-20.469135851562502,174.21685166496272,175.41521292795943,451.33,-12.065435140625,52.36023288123057,53.73238048429763,171.62,-4.361466617187499,15.409830776159419,16.01515768273016,51.711,1.9618679453124996,83.4821958578952,83.50524505137878,208.79,1.1431673437500007,19.36067188916738,19.394392168248338,52.114,0.020406953124999995,25.043290502590178,25.043298817066002,121.35,0.04084055468749999,33.986579536381534,33.986604074748264,153.57,0.02925160156250002,26.43858981998339,26.438606001934435,106.12,data_001-8689876,METALLICADOUR-Detection_and_Diagnostics_of_Multi-axis_Robot_Faults/METALLICADOUR-Detection_and_diagnostics_of_multi-axis_machining_robot_tool_wear/Tool_surface_damage/5mm_1890mm_mn_14000rpm/data_001.csv,5mm_1890mm_mn_14000rpm,5mm_1890mm_mn_14000rpm,5.0,1890.0,14000.0,1,0,1.0,train
-0.0006416328125000002,0.09596489520664014,0.09596704019968262,0.256,0.0005120390625000001,0.09507194584266683,0.09507332470421186,0.288,0.00025126562499999997,0.09605216920682058,0.09605249785273677,0.286,59.403293093749994,280.1055291131108,286.33522079918447,737.53,-39.477556437500006,181.2971457936034,185.5454999055032,434.42,-17.5002897109375,50.64335801260628,53.58180522117333,183.74,-4.928686726562501,14.721607280259178,15.524743919394401,55.253,-2.5434846953124994,77.8511920150146,77.89273016497728,209.84,2.5834283125,19.98897206293897,20.155225277301696,54.291,0.01275632031249996,23.771317151554726,23.77132057424467,117.0,0.024276085937499997,31.449504794297884,31.449514163734136,159.32,0.010304671874999994,27.67059670341798,27.6705986221742,109.72,data_003-2250685,METALLICADOUR-Detection_and_Diagnostics_of_Multi-axis_Robot_Faults/METALLICADOUR-Detection_and_diagnostics_of_multi-axis_machining_robot_tool_wear/Tool_surface_damage/5mm_1890mm_mn_14000rpm/data_003.csv,5mm_1890mm_mn_14000rpm,5mm_1890mm_mn_14000rpm,5.0,1890.0,14000.0,1,0,1.0,train
-0.0006500625,0.09697854488878503,0.09698072360010519,0.263,0.0004560234375,0.09610382489688925,0.09610490683200051,0.326,0.00025901562499999997,0.09709663399305356,0.09709697946833877,0.312,25.391362617187504,250.36867362265062,251.6529237404621,854.01,19.738017515625003,161.13870468942963,162.34306725091258,474.5,44.1308076953125,121.64025378652154,129.3981434530265,635.56,-3.9895214062499997,12.71612225016477,13.327267016611565,63.443,4.080499468749999,62.36737535905654,62.5007198765896,214.47,-3.4633138046875,17.23365693494546,17.578210200732407,57.447,0.006459031250000004,22.414166046322894,22.414166976963894,273.38,0.015070578124999992,26.981745356193834,26.98174956500806,190.3,0.0016036796875000033,21.775622612448934,21.775622671500944,133.0,data_002-3203059,METALLICADOUR-Detection_and_Diagnostics_of_Multi-axis_Robot_Faults/METALLICADOUR-Detection_and_diagnostics_of_multi-axis_machining_robot_tool_wear/Tool_surface_damage/5mm_1890mm_mn_14000rpm/data_002.csv,5mm_1890mm_mn_14000rpm,5mm_1890mm_mn_14000rpm,5.0,1890.0,14000.0,1,0,1.0,held_out
-0.0006531796875,0.0985325732390479,0.09853473820339963,0.3,0.00045950000000000006,0.09761758678831906,0.09761866824857324,0.373,0.0002479453125,0.09860069591062483,0.09860100765680593,0.325,3.0209375,315.282832720749,315.29730520858993,997.58,-30.010175789062504,203.58879114660581,205.78874247982256,492.38,126.564651265625,209.6267169518059,244.87133644014324,1122.3,-4.8705409062500005,14.720177257136879,15.505024579180272,59.733,14.0208895,86.79890058215811,87.92402677677234,340.23,1.9833287734374998,22.346287314992203,22.43412912924695,60.304,0.030399468750000068,75.68260954338778,75.68261564867187,495.02,0.09027515624999989,59.322059933134604,59.32212862258274,489.32,0.06178835156250006,48.13942897065003,48.13946862420324,501.29,data_006-2992744,METALLICADOUR-Detection_and_Diagnostics_of_Multi-axis_Robot_Faults/METALLICADOUR-Detection_and_diagnostics_of_multi-axis_machining_robot_tool_wear/Tool_surface_damage/5mm_1890mm_mn_14000rpm/data_006.csv,5mm_1890mm_mn_14000rpm,5mm_1890mm_mn_14000rpm,5.0,1890.0,14000.0,1,0,1.0,train
-0.000601546875,0.09721102352347792,0.09721288470735245,0.257,0.000493921875,0.09626846451424992,0.09626973158137504,0.3,0.0002621015625,0.09720152196896628,0.0972018753435987,0.276,76.14253857812501,336.0865024824371,344.60386436022225,959.91,21.024382742187488,227.54827265151286,228.51748523116834,589.76,14.457668015624998,88.90084368078672,90.06877467583149,403.51,-4.2642651015625,17.462323919612285,17.97544751959926,65.612,0.6371229374999998,88.26991957833297,88.27221889135257,329.68,-3.706717117187501,24.853455669233988,25.12835073158264,73.78,0.040173156249999974,87.80168611262472,87.80169530312247,495.02,0.020524414062499986,58.649136113309574,58.649139704594866,382.14,0.009366664062500014,48.423518422982006,48.423519328888865,363.49,data_007-9471134,METALLICADOUR-Detection_and_Diagnostics_of_Multi-axis_Robot_Faults/METALLICADOUR-Detection_and_diagnostics_of_multi-axis_machining_robot_tool_wear/Tool_surface_damage/5mm_1890mm_mn_14000rpm/data_007.csv,5mm_1890mm_mn_14000rpm,5mm_1890mm_mn_14000rpm,5.0,1890.0,14000.0,1,0,1.0,held_out
-0.0005993671875,0.09653140656950487,0.09653326729844225,0.287,0.00047018750000000007,0.09565735507510567,0.09565851063156901,0.303,0.00025003125,0.09656490102192423,0.09656522471883966,0.277,3.9922865312499924,342.33803777202587,342.3613156554762,983.5,53.6031491328125,195.74002191118737,202.94692354097572,564.87,-2.5377766562499997,75.02073890353738,75.06365016430878,308.0,-3.4213614687499994,16.92622261974642,17.26854731797271,73.329,1.3029527812500001,90.46020293531392,90.46958605547138,281.34,-6.721755765625,21.879509958734214,22.888751748556814,70.518,-0.08227910156249998,90.23615270652586,90.23619021837087,495.02,-0.013003703124999955,58.6415383316187,58.64153977339783,341.29,-0.030462812499999978,48.29061910585554,48.290628714169436,303.76,data_005-1306501,METALLICADOUR-Detection_and_Diagnostics_of_Multi-axis_Robot_Faults/METALLICADOUR-Detection_and_diagnostics_of_multi-axis_machining_robot_tool_wear/Tool_surface_damage/5mm_1890mm_mn_14000rpm/data_005.csv,5mm_1890mm_mn_14000rpm,5mm_1890mm_mn_14000rpm,5.0,1890.0,14000.0,1,0,1.0,train
-0.0006286484375000001,0.096529873919707,0.09653192092677168,0.275,0.00047789843749999997,0.09562619253646427,0.0956273866940716,0.317,0.00024074218749999994,0.09662164550004651,0.09662194541581896,0.315,-11.766110320312498,250.15608843885474,250.43264550592818,1009.7,3.109610679687493,144.31085502198897,144.34435408340966,473.07,51.675937265624995,132.17300031570355,141.9158359899831,697.15,-4.1726982109375,12.805304396667882,13.468007686769518,55.144,6.1585428046874995,64.36604851941595,64.660001944641,276.7,-1.5282779375,15.76435264329583,15.838258986278685,72.022,0.008311843749999999,19.586897350780678,19.58689911437657,123.47,0.027712445312499997,27.806881383473026,27.806895192634578,199.89,0.015494476562500005,20.663078976061477,20.663084785427316,284.26,data_004-2980428,METALLICADOUR-Detection_and_Diagnostics_of_Multi-axis_Robot_Faults/METALLICADOUR-Detection_and_diagnostics_of_multi-axis_machining_robot_tool_wear/Tool_surface_damage/5mm_1890mm_mn_14000rpm/data_004.csv,5mm_1890mm_mn_14000rpm,5mm_1890mm_mn_14000rpm,5.0,1890.0,14000.0,1,0,1.0,train
-0.0005473984374999999,0.12062063465008017,0.12062187674065389,0.401,0.0005382421875000001,0.11914827228094872,0.11914948800640102,0.429,0.00017285937500000016,0.11998018180469004,0.11998030632670513,0.428,-89.13383436718746,669.3198828597504,675.2288101231961,2782.7,27.477138578125004,423.7360815286231,424.6260236180461,1108.0,116.89555365625,231.03774228757254,258.9266475779193,1017.1,-4.721625765625,15.34937607915817,16.059174819711217,65.743,5.6264386640624995,82.32819684071009,82.52023271345739,496.56,-2.575259914062501,44.48513266178761,44.559611663049985,122.62,-0.03475450781249997,41.544536960995146,41.54455149811229,495.02,0.005480117187500013,39.145531720590554,39.145532104180745,350.6,0.0017828281250000337,27.15214827065327,27.152148329184115,263.98,data_000-4551597,METALLICADOUR-Detection_and_Diagnostics_of_Multi-axis_Robot_Faults/METALLICADOUR-Detection_and_diagnostics_of_multi-axis_machining_robot_tool_wear/Tool_surface_damage/10mm_1890mm_mn_14000rpm/data_000.csv,10mm_1890mm_mn_14000rpm,10mm_1890mm_mn_14000rpm,10.0,1890.0,14000.0,1,0,1.0,train
-0.0005606249999999999,0.10694203422408036,0.1069435037034742,0.378,0.0005490781250000001,0.10566781830677041,0.10566924487522375,0.37,0.00012047656250000007,0.10655253088012687,0.10655259899018184,0.414,-17.0302912890625,407.3393016619785,407.6951526568088,1045.7,-34.67923010156251,302.4499679440956,304.4316542507063,752.08,85.8363715546875,248.68608781744703,263.0829773201249,1555.1,-3.6810127109375,15.399561352896123,15.83339333306968,61.538,0.21174238281249927,76.01316286551031,76.01345777989101,346.47,3.6374587031250005,32.48504968158618,32.68806446750958,88.002,0.03349839062500001,52.47719860909978,52.477209300810564,495.02,0.011098070312499993,39.51740407993751,39.517405638328874,400.8,-0.017051265624999992,30.659155271151725,30.659160012731103,381.08,data_001-9625789,METALLICADOUR-Detection_and_Diagnostics_of_Multi-axis_Robot_Faults/METALLICADOUR-Detection_and_diagnostics_of_multi-axis_machining_robot_tool_wear/Tool_surface_damage/10mm_1890mm_mn_14000rpm/data_001.csv,10mm_1890mm_mn_14000rpm,10mm_1890mm_mn_14000rpm,10.0,1890.0,14000.0,1,0,1.0,train
-0.0005469374999999999,0.10839914141436313,0.10840052121645911,0.333,0.0005349296875,0.107343714367875,0.1073450472265139,0.388,9.260937500000007e-05,0.10841526192032958,0.1084153014742384,0.342,-9.511803164062483,299.98036622068065,300.13112887090796,977.52,-65.3474911171875,203.9622310934828,214.17489654005246,694.93,21.905122976562495,89.4473923247831,92.09055546755049,374.43,-3.3904079531250004,13.818617810806996,14.228459659772227,62.437,-5.6400137890625,52.62878264779412,52.93012864644833,218.62,6.0372195,22.601042473640895,23.39348499447015,81.469,0.009430023437499994,29.113131285054283,29.11313281229192,379.84,0.02873012500000003,28.645824107164742,28.645838514498106,409.85,0.026320320312500017,22.11103533974918,22.111051005207745,400.52,data_003-7412497,METALLICADOUR-Detection_and_Diagnostics_of_Multi-axis_Robot_Faults/METALLICADOUR-Detection_and_diagnostics_of_multi-axis_machining_robot_tool_wear/Tool_surface_damage/10mm_1890mm_mn_14000rpm/data_003.csv,10mm_1890mm_mn_14000rpm,10mm_1890mm_mn_14000rpm,10.0,1890.0,14000.0,1,0,1.0,held_out
-0.0005307656249999999,0.11382508403950914,0.11382632151110744,0.387,0.00045940625,0.11250499798185616,0.11250593595450864,0.391,0.00019994531249999993,0.1133334021606583,0.11333357853450804,0.413,28.43175387500001,506.79588707975324,507.59278539924367,1352.4,46.989304179687494,369.381356075788,372.35813529944437,850.62,110.58735472656251,233.9502998692204,258.770759233567,1193.7,-2.6459809453125005,16.243034902530272,16.457138208320835,62.447,3.8869435390624996,76.21114108181916,76.31019823764582,343.35,-4.423572609374999,38.56590432420837,38.818770858624646,102.3,0.031079976562500007,33.087351760517976,33.08736635770812,303.3,0.0812394296875,33.656800426545395,33.65689847263473,206.46,0.06681496093749999,25.40474097159394,25.404828833762863,166.41,data_002-3153237,METALLICADOUR-Detection_and_Diagnostics_of_Multi-axis_Robot_Faults/METALLICADOUR-Detection_and_diagnostics_of_multi-axis_machining_robot_tool_wear/Tool_surface_damage/10mm_1890mm_mn_14000rpm/data_002.csv,10mm_1890mm_mn_14000rpm,10mm_1890mm_mn_14000rpm,10.0,1890.0,14000.0,1,0,1.0,train
-0.0005113593750000001,0.08264965656516425,0.08265123845865832,0.244,0.00038356249999999995,0.08199463009358353,0.08199552722176376,0.303,0.0003266718750000001,0.08251300951129514,0.08251365616141973,0.276,61.099893765625005,404.02251949835113,408.6164378484622,1131.9,15.581035234374998,209.40140675353058,209.98027957246936,537.45,61.8663229921875,145.56952526811705,158.17056808192424,772.42,-5.1392397421875,13.03759228538348,14.013942975749913,62.046,4.629213593749999,129.67999883251218,129.76259752215552,377.89,-2.6392742421875,23.718071681956108,23.864465064942955,72.834,0.03523971093749998,33.646075378194176,33.646093832603384,266.48,0.06692497656249999,66.46181424160491,66.46184793727967,389.41,0.05322025781249999,46.76810825639954,46.76813853766417,238.32,data_000-6574736,METALLICADOUR-Detection_and_Diagnostics_of_Multi-axis_Robot_Faults/METALLICADOUR-Detection_and_diagnostics_of_multi-axis_machining_robot_tool_wear/Tool_flack_damage/5mm_1890mm_mn_18000rpm/data_000.csv,5mm_1890mm_mn_18000rpm,5mm_1890mm_mn_18000rpm,5.0,1890.0,18000.0,1,0,1.0,train
-0.0005772656249999999,0.07793541766679764,0.07793755553326008,0.242,0.000492046875,0.0773546810913716,0.07735624601074563,0.3,0.00019222656249999988,0.07786364229302511,0.07786387957318529,0.247,-39.63980140625,479.3481495510341,480.98436807606083,1149.9,-21.095534031250004,190.51561852764004,191.68000015398815,458.75,31.136785757812497,79.24298672612315,85.14076798223309,284.97,-5.235164984375,12.625400889280538,13.667761339322247,43.32,5.4916567890625,172.02335544845982,172.11099068344242,395.74,1.662076296875001,22.6010403714469,22.662072356437445,66.68,0.013600390625000054,48.91906316864926,48.91906505922739,335.79,0.030659656249999993,79.59153406637529,79.59153997161695,346.33,0.020629921874999988,53.89150661771176,53.89151056632711,254.83,data_001-4824321,METALLICADOUR-Detection_and_Diagnostics_of_Multi-axis_Robot_Faults/METALLICADOUR-Detection_and_diagnostics_of_multi-axis_machining_robot_tool_wear/Tool_flack_damage/5mm_1890mm_mn_18000rpm/data_001.csv,5mm_1890mm_mn_18000rpm,5mm_1890mm_mn_18000rpm,5.0,1890.0,18000.0,1,0,1.0,train
-0.00046215625000000006,0.08289791145801313,0.08289919970964738,0.228,0.000492953125,0.08220980769708414,0.08221128562657927,0.327,0.00016923437499999995,0.08272855311409306,0.08272872621178813,0.278,95.84363692968749,503.30502417322043,512.3494413951437,1194.4,-46.241620765625015,268.3289699559537,272.2842698516662,579.97,76.3450892578125,111.54990028375072,135.1737877959262,428.9,-6.1938253203125,12.97147130856167,14.374370943014613,57.458,6.301903867187499,168.76769298413498,168.88531075122702,398.17,3.7111316640625,30.06913876298594,30.297287076167578,77.009,0.01870956249999998,54.35335681420573,54.35336003431705,476.18,0.037593617187500046,83.58550225538313,83.58551070948069,434.16,0.017320640625000015,55.23982970524404,55.239832420717505,317.19,data_003-4167635,METALLICADOUR-Detection_and_Diagnostics_of_Multi-axis_Robot_Faults/METALLICADOUR-Detection_and_diagnostics_of_multi-axis_machining_robot_tool_wear/Tool_flack_damage/5mm_1890mm_mn_18000rpm/data_003.csv,5mm_1890mm_mn_18000rpm,5mm_1890mm_mn_18000rpm,5.0,1890.0,18000.0,1,0,1.0,held_out
-0.0006034374999999999,0.0851039034287417,0.08510604276797859,0.27,0.000668890625,0.08448576215674915,0.08448840998548263,0.36,0.0001840312500000001,0.08489268395302992,0.08489288342523182,0.294,24.717976335937493,361.09645127515205,361.9414669220041,1334.7,26.473855703125,205.49327384677744,207.19157953946043,608.42,189.93551757031247,215.2122938058302,287.03977466523605,904.02,-4.6239689609375,12.48670572809766,13.315363640990821,86.743,18.5095861796875,105.76657446458995,107.3739868614225,478.45,-3.5019916953125,22.640548435342275,22.909787849020276,77.857,0.013064765624999988,45.68858706980188,45.68858893775303,495.02,0.015275859375000004,68.58424474954356,68.58424645074969,489.32,0.008664679687499992,47.11726312106307,47.11726391776335,394.32,data_002-4852916,METALLICADOUR-Detection_and_Diagnostics_of_Multi-axis_Robot_Faults/METALLICADOUR-Detection_and_diagnostics_of_multi-axis_machining_robot_tool_wear/Tool_flack_damage/5mm_1890mm_mn_18000rpm/data_002.csv,5mm_1890mm_mn_18000rpm,5mm_1890mm_mn_18000rpm,5.0,1890.0,18000.0,1,0,1.0,train
-0.0006431875,0.08079266257194921,0.0807952227277393,0.245,0.00048303125,0.08013848634277743,0.08013994205450863,0.294,0.00039071093750000005,0.08065496328668074,0.08065590962733295,0.275,5.106228414062505,367.7370543191722,367.7725039857634,1164.9,-40.76963725,199.9348696684204,204.04929657027697,488.31,129.3189836796875,159.32172289252043,205.19944182523585,857.92,-5.8505300078125,14.671707214338467,15.79517945309853,54.146,13.2406373046875,122.81464856550134,123.52632261385378,361.0,3.5296173281250005,23.505796789611942,23.769322270471477,61.672,0.01888713281250006,49.3170011814231,49.31700479806406,495.02,0.053362070312499975,71.65251903431462,71.65253890458709,489.32,0.022089656250000034,53.50741106306276,53.507415622738534,472.69,data_006-5011714,METALLICADOUR-Detection_and_Diagnostics_of_Multi-axis_Robot_Faults/METALLICADOUR-Detection_and_diagnostics_of_multi-axis_machining_robot_tool_wear/Tool_flack_damage/5mm_1890mm_mn_18000rpm/data_006.csv,5mm_1890mm_mn_18000rpm,5mm_1890mm_mn_18000rpm,5.0,1890.0,18000.0,1,0,1.0,train
-0.0005282968749999999,0.0790546198399364,0.07905638504020406,0.236,0.0004883281249999999,0.0783221553586042,0.07832367767396396,0.283,0.000230890625,0.07888525608134442,0.07888559397950934,0.271,73.7064422109375,426.6065808330945,432.92703130377276,1066.0,35.7143356796875,205.22150605833653,208.30597764320942,586.63,19.293959718749996,73.17050327931706,75.67152325529926,306.23,-4.842186195312501,12.748004253993608,13.636655734083561,51.401,0.17645696093750007,140.81039801760156,140.81050858133574,325.09,-4.8263754062499995,23.273710377635076,23.768876589020646,72.441,0.019304640624999952,56.26457071698412,56.264574028740824,476.01,0.03770499218749999,77.5963585505094,77.59636771116061,399.58,0.017930195312500005,55.384479265669874,55.384482168034395,474.73,data_007-9338480,METALLICADOUR-Detection_and_Diagnostics_of_Multi-axis_Robot_Faults/METALLICADOUR-Detection_and_diagnostics_of_multi-axis_machining_robot_tool_wear/Tool_flack_damage/5mm_1890mm_mn_18000rpm/data_007.csv,5mm_1890mm_mn_18000rpm,5mm_1890mm_mn_18000rpm,5.0,1890.0,18000.0,1,0,1.0,train
-0.0006026640625,0.08063440317702655,0.08063665531064332,0.242,0.0006549687500000001,0.07989602970618455,0.079898714300513,0.28,0.00012862500000000005,0.08045507161987599,0.08045517443738469,0.266,1.9675869453125123,505.3292692625782,505.3330998181681,1157.6,52.661642851562505,217.00720067725774,223.30556144799695,576.08,50.739427375000005,101.076508890894,113.09708280903568,406.25,-4.267073648437499,14.892570915457917,15.491823197839977,50.8,6.338817164062499,169.99986999858186,170.11800728486725,366.01,-6.088466734375,25.44276767579547,26.161113397179673,74.232,0.008055484375000024,60.08784950765524,60.08785004762155,351.69,0.009564601562500025,88.32090674900624,88.32090726689948,381.88,0.009956554687499982,58.90114013226682,58.901140973786866,278.35,data_005-6782084,METALLICADOUR-Detection_and_Diagnostics_of_Multi-axis_Robot_Faults/METALLICADOUR-Detection_and_diagnostics_of_multi-axis_machining_robot_tool_wear/Tool_flack_damage/5mm_1890mm_mn_18000rpm/data_005.csv,5mm_1890mm_mn_18000rpm,5mm_1890mm_mn_18000rpm,5.0,1890.0,18000.0,1,0,1.0,train
-0.0006045312499999999,0.08050369184914921,0.08050596163871965,0.237,0.0002959687500000001,0.0798317479491964,0.07983229658556115,0.3,0.0005092656250000001,0.08032159369776096,0.0803232081382772,0.271,-16.3105075,348.5029489940317,348.8844194177267,1155.1,-4.79666153125,154.734141251132,154.8084701512506,530.32,165.4610071953125,184.42116869560343,247.76705262229575,828.39,-4.90221209375,16.704568787038678,17.409029317369065,57.147,17.3461546953125,108.91162721003903,110.28432175178948,379.88,-0.04550383593749984,20.04986216719459,20.049913803370476,69.164,0.017722539062500087,52.68916174699299,52.689164727571644,450.59,0.030305710937499956,75.31615758277829,75.3161636799831,489.32,0.021019757812499963,54.550651230379245,54.550655280103605,476.95,data_004-3517111,METALLICADOUR-Detection_and_Diagnostics_of_Multi-axis_Robot_Faults/METALLICADOUR-Detection_and_diagnostics_of_multi-axis_machining_robot_tool_wear/Tool_flack_damage/5mm_1890mm_mn_18000rpm/data_004.csv,5mm_1890mm_mn_18000rpm,5mm_1890mm_mn_18000rpm,5.0,1890.0,18000.0,1,0,1.0,held_out
-0.0005740624999999999,0.10473682501749847,0.10473839822386057,0.338,0.0006632578125,0.1035624819855707,0.10356460585517381,0.39,0.0001876171875,0.10443914411382571,0.10443931263388083,0.312,-96.11211085937498,481.3440583085825,490.8458417088005,1431.0,41.05266874218749,344.20151559288036,346.64103182873725,872.01,132.45429761718748,206.62851406898886,245.43733168289782,1043.1,-5.457031875,22.24930796947436,22.90875164659308,92.702,-25.062647335937502,115.26773380915805,117.9609543407669,443.63,-6.683342085937502,36.89359103388653,37.494054472853904,100.35,-0.0011849218749999829,43.531658807326195,43.531658823452844,377.42,0.016379742187500008,48.94661581489243,48.946618555592096,331.74,-0.0030131640625000104,40.15580743986875,40.155807552917885,353.0,data_000-102121,METALLICADOUR-Detection_and_Diagnostics_of_Multi-axis_Robot_Faults/METALLICADOUR-Detection_and_diagnostics_of_multi-axis_machining_robot_tool_wear/Tool_flack_damage/5mm_2730mm_mn_14000rpm/data_000.csv,5mm_2730mm_mn_14000rpm,5mm_2730mm_mn_14000rpm,5.0,2730.0,14000.0,1,0,1.0,train
-0.0005651015625,0.102389485067616,0.10239104449212098,0.319,0.0006565546874999999,0.10123809771093994,0.10124022665021795,0.329,0.00021078125000000009,0.10218312930721318,0.10218334670458783,0.33,-76.8952626015625,441.9767279218685,448.61599328945533,1339.2,-49.261908773437504,298.68308271180837,302.71821807455103,793.31,177.16347744531248,209.59104011889474,274.4363347638863,1070.9,-6.9915641328125,19.613383116894305,20.822266118588164,79.627,-22.3538260546875,100.15871530802141,102.62291065564506,391.17,2.6293497265624985,32.47614888455612,32.58241437273226,92.893,0.022275632812499998,32.24406684777139,32.24407454226849,270.29,0.0508212734375,40.2396442993377,40.2396763920767,309.36,0.0472296171875,33.222241921924024,33.222275493343105,250.49,data_001-4494094,METALLICADOUR-Detection_and_Diagnostics_of_Multi-axis_Robot_Faults/METALLICADOUR-Detection_and_diagnostics_of_multi-axis_machining_robot_tool_wear/Tool_flack_damage/5mm_2730mm_mn_14000rpm/data_001.csv,5mm_2730mm_mn_14000rpm,5mm_2730mm_mn_14000rpm,5.0,2730.0,14000.0,1,0,1.0,held_out
-0.0005211250000000001,0.10111035419584571,0.10111169713181062,0.307,0.0007013984375,0.099983731651301,0.09998619182010833,0.336,0.00018365624999999993,0.10094986025749038,0.10095002731859462,0.305,-54.4626316875,386.3314841623955,390.1515012215736,1466.6,12.528338828125005,260.3716570700433,260.6728967100196,766.71,149.1758544765625,204.56718057081753,253.1820825522731,1059.1,-5.892831234375,19.009462414291516,19.901887378768567,80.303,-26.086302,93.71866280705721,97.28146231619925,455.03,-3.9778615546875,28.097468985699695,28.3776522276001,91.403,0.006696499999999929,46.332565410969785,46.332565894896284,425.39,0.002800140624999983,54.04493798159497,54.04493805413449,489.32,-0.008217429687499887,41.326058825904546,41.326059642896915,441.38,data_003-9684592,METALLICADOUR-Detection_and_Diagnostics_of_Multi-axis_Robot_Faults/METALLICADOUR-Detection_and_diagnostics_of_multi-axis_machining_robot_tool_wear/Tool_flack_damage/5mm_2730mm_mn_14000rpm/data_003.csv,5mm_2730mm_mn_14000rpm,5mm_2730mm_mn_14000rpm,5.0,2730.0,14000.0,1,0,1.0,train
-0.0005256640625,0.1022656869726151,0.10226703796770248,0.292,0.000644390625,0.10108505466362182,0.10108710855309397,0.395,0.00018814843750000006,0.10200425250867225,0.10200442602989097,0.345,-91.11303360156249,473.9672443661682,482.6453497384373,1386.0,-14.000009515624996,325.04683695346296,325.3481926796102,835.96,76.6134418046875,123.65972436353097,145.46940191952635,467.81,-6.0233177265624995,22.342219787071464,23.139903661185144,81.886,-30.398660671875,117.49074758020016,121.35960752078142,370.8,-0.815147398437498,35.293561715181546,35.3029738665811,96.62,0.014137546874999995,40.779155263970374,40.77915771461243,306.56,0.02308432031250002,47.47367209588886,47.47367770832401,283.33,0.014103203125,40.05562038370469,40.05562286650648,256.16,data_002-9195112,METALLICADOUR-Detection_and_Diagnostics_of_Multi-axis_Robot_Faults/METALLICADOUR-Detection_and_diagnostics_of_multi-axis_machining_robot_tool_wear/Tool_flack_damage/5mm_2730mm_mn_14000rpm/data_002.csv,5mm_2730mm_mn_14000rpm,5mm_2730mm_mn_14000rpm,5.0,2730.0,14000.0,1,0,1.0,train
-0.0005520937500000001,0.09905135152720639,0.09905289014902594,0.286,0.0006148281249999999,0.09803701358798986,0.0980389414818163,0.313,0.0002667734375000001,0.09912471687725288,0.09912507585905041,0.338,-40.329780382812494,380.19396849181277,382.327012991862,1255.6,29.481084578124996,265.6124570028804,267.2435437255866,826.02,35.05405439062501,95.55715521109715,101.78387220605536,483.8,-5.920690578125,19.132980974291534,20.028118680607523,77.19,-38.9657946328125,88.21889781046492,96.44121049769012,345.55,-5.9629042109375,28.678319759769984,29.291675453487287,93.645,-0.0026674375000000266,31.136876491957786,31.13687660621496,254.47,0.02229899218750002,35.29861262695305,35.298619670360225,238.95,-0.005931632812500009,31.14814379934806,31.148144364137213,184.96,data_005-3542801,METALLICADOUR-Detection_and_Diagnostics_of_Multi-axis_Robot_Faults/METALLICADOUR-Detection_and_diagnostics_of_multi-axis_machining_robot_tool_wear/Tool_flack_damage/5mm_2730mm_mn_14000rpm/data_005.csv,5mm_2730mm_mn_14000rpm,5mm_2730mm_mn_14000rpm,5.0,2730.0,14000.0,1,0,1.0,held_out
-0.0005627890625,0.10158423457300661,0.10158579352110463,0.296,0.0006477890625,0.10039852006014832,0.10040060986337433,0.362,0.00026949999999999994,0.10135519339986974,0.10135555169488744,0.334,-124.05488642187501,409.13989095686685,427.5337006802402,1212.9,36.220155351562504,287.7677514462402,290.0382361450235,752.05,123.34324364843751,191.46751640052045,227.7572514549238,935.65,-5.28097759375,20.69840808816204,21.36147985814141,83.346,-26.044971296874994,100.42697461644373,103.74930245773642,352.52,-6.0415007890625,31.03718693650634,31.61972018718513,90.494,0.01668279687499998,44.22341119536254,44.223414342063506,462.35,0.04068621874999997,47.32353069266943,47.3235481825742,489.32,0.02102174999999994,39.85388037717824,39.85388592135535,445.36,data_004-4237017,METALLICADOUR-Detection_and_Diagnostics_of_Multi-axis_Robot_Faults/METALLICADOUR-Detection_and_diagnostics_of_multi-axis_machining_robot_tool_wear/Tool_flack_damage/5mm_2730mm_mn_14000rpm/data_004.csv,5mm_2730mm_mn_14000rpm,5mm_2730mm_mn_14000rpm,5.0,2730.0,14000.0,1,0,1.0,train
-0.0005078671875000001,0.09922680176296805,0.09922810144907288,0.277,0.0004887578125,0.09812236922518341,0.0981235864945962,0.358,0.00028706250000000005,0.09904430961441497,0.09904472561360853,0.349,57.43628546874999,341.14080409504817,345.9421557241381,907.57,11.33664109375,221.1450383365786,221.43542492603868,557.23,42.358909062500004,153.1842444760355,158.93297308192203,821.2,-5.8808747890625,16.885923535037772,17.880690756113797,66.299,1.165142046874999,89.25495751446759,89.26256212376393,254.6,-1.0862835703124998,23.935440811750563,23.96007802257633,66.673,0.02891650781250003,30.722474644879874,30.722488253227645,254.57,0.016063914062499997,37.988177482438545,37.988180878881074,276.27,-0.005933828124999977,32.32226046126018,32.32226100593613,215.47,data_000-9629280,METALLICADOUR-Detection_and_Diagnostics_of_Multi-axis_Robot_Faults/METALLICADOUR-Detection_and_diagnostics_of_multi-axis_machining_robot_tool_wear/Tool_flack_damage/5mm_1890mm_mn_14000rpm/data_000.csv,5mm_1890mm_mn_14000rpm,5mm_1890mm_mn_14000rpm,5.0,1890.0,14000.0,1,0,1.0,train
-0.0005398906250000001,0.09695685454424065,0.09695835768514234,0.306,0.00048363281249999996,0.09589372004784867,0.09589493962307136,0.317,0.00025298437500000006,0.09689855519514214,0.09689888544250651,0.314,-60.17435799999998,406.6007191561743,411.0293154740064,1093.5,-27.73890408593751,237.27901215426692,238.89490661961295,559.32,36.884862875,92.93092833021583,99.9832513455292,352.59,-5.8676904296875,19.660737087660166,20.517660047109224,66.056,5.6631150625,114.1934461155819,114.33378331868242,390.1,3.6335308984375003,26.641037879656846,26.887682051363427,76.606,-0.10153441406250004,81.22045293059388,81.22051639510829,495.02,-0.012424562499999958,64.84086110493362,64.84086229530763,456.13,-0.010664140624999995,51.881795476043834,51.88179657203418,380.14,data_001-8481737,METALLICADOUR-Detection_and_Diagnostics_of_Multi-axis_Robot_Faults/METALLICADOUR-Detection_and_diagnostics_of_multi-axis_machining_robot_tool_wear/Tool_flack_damage/5mm_1890mm_mn_14000rpm/data_001.csv,5mm_1890mm_mn_14000rpm,5mm_1890mm_mn_14000rpm,5.0,1890.0,14000.0,1,0,1.0,held_out
-0.0005477421874999999,0.1006176181394617,0.10061910902787055,0.319,0.000450921875,0.09945439201632901,0.09945541424113119,0.333,0.0002984296875,0.10040465312628254,0.10040509663203108,0.329,100.96063754687502,453.1248105853492,464.2360868156203,1330.1,10.26685522656251,325.605898968001,325.7677236298944,770.88,55.735904734375,119.1360441809157,131.5290389976161,654.89,-6.086047648437499,19.818951247497303,20.732361286880145,79.05,3.0029783203124993,113.01036366879072,113.05025508748135,374.66,-1.0444130468750017,35.611425191721985,35.626737189898456,91.72,0.09532717968750001,44.264902082179574,44.265004728522655,470.08,0.12230762500000002,50.79232469209738,50.792471949911814,359.3,0.09998045312500002,41.24133589280025,41.24145708281633,347.44,data_003-8039017,METALLICADOUR-Detection_and_Diagnostics_of_Multi-axis_Robot_Faults/METALLICADOUR-Detection_and_diagnostics_of_multi-axis_machining_robot_tool_wear/Tool_flack_damage/5mm_1890mm_mn_14000rpm/data_003.csv,5mm_1890mm_mn_14000rpm,5mm_1890mm_mn_14000rpm,5.0,1890.0,14000.0,1,0,1.0,train
-0.0005242109374999999,0.09945012462953733,0.0994515062024578,0.333,0.000476359375,0.09833473526618582,0.09833588906459839,0.309,0.000257765625,0.0993356779624399,0.09933601239920496,0.318,23.45706050781249,344.9058775960576,345.7026151014393,1193.1,34.313292414062495,218.0942496622731,220.77704539204905,646.74,144.18464106250002,188.1419597010432,237.0371441746439,814.7,-5.080594812499999,15.388693048598864,16.205687809926392,77.122,12.067903507812499,86.13460622759548,86.97588565261526,401.28,-3.225376453125,23.396888305712828,23.61815902339501,77.41,0.06396317187499997,52.94170280079885,52.94174144033674,495.02,-0.0032366562499999674,60.40342202776206,60.40342211447854,438.64,-0.013599749999999987,46.93176143770988,46.93176340815794,445.88,data_002-9314689,METALLICADOUR-Detection_and_Diagnostics_of_Multi-axis_Robot_Faults/METALLICADOUR-Detection_and_diagnostics_of_multi-axis_machining_robot_tool_wear/Tool_flack_damage/5mm_1890mm_mn_14000rpm/data_002.csv,5mm_1890mm_mn_14000rpm,5mm_1890mm_mn_14000rpm,5.0,1890.0,14000.0,1,0,1.0,train
-0.000535109375,0.1073799098200254,0.10738124312467238,0.34,0.0004937265624999998,0.10609523776432656,0.10609638656517714,0.384,0.00025107812499999995,0.1069825627165481,0.10698285734464658,0.374,-2.642532374999995,398.1368708718604,398.14564034406976,1262.1,-8.25871637499999,327.3764452910109,327.4805999254626,661.73,177.601881171875,162.35006881519158,240.6241322895238,919.56,-6.198188226562501,16.014193125285882,17.17183504305383,69.585,18.6559403671875,84.38071713142408,86.41845598364657,289.21,1.8918400312500017,35.07176194129069,35.122749669842285,79.799,0.012873320312500016,24.86457655978067,24.86457989227991,198.32,0.027701914062500003,32.24076816899194,32.24078007000958,219.99,0.010131226562499991,26.433386405026276,26.433388346543463,174.26,data_006-8522128,METALLICADOUR-Detection_and_Diagnostics_of_Multi-axis_Robot_Faults/METALLICADOUR-Detection_and_diagnostics_of_multi-axis_machining_robot_tool_wear/Tool_flack_damage/5mm_1890mm_mn_14000rpm/data_006.csv,5mm_1890mm_mn_14000rpm,5mm_1890mm_mn_14000rpm,5.0,1890.0,14000.0,1,0,1.0,train
-0.0005677265625,0.11862200796010719,0.11862336652589785,0.373,0.0005223515624999999,0.11724677501069125,0.11724793858129233,0.366,0.00028753124999999986,0.1179343923047059,0.1179347428135577,0.419,135.33683390624998,527.0421161578728,544.1410210744422,1215.0,37.915898757812506,386.11416783477404,387.9713468561213,943.76,122.1665320859375,120.71847103462889,171.74868503381018,606.99,-5.968536812499999,19.94864240638017,20.82238616344911,84.91,10.735937132812502,80.72187640113017,81.43268186569222,337.94,-2.9868633046874984,40.57817923875228,40.68795869459655,107.05,0.007826968749999977,25.133017892999668,25.13301911174384,217.68,0.017624078124999987,34.43326851126109,34.433273021551905,179.38,0.0092094609375,27.485488017251534,27.48548956014152,155.53,data_007-8582988,METALLICADOUR-Detection_and_Diagnostics_of_Multi-axis_Robot_Faults/METALLICADOUR-Detection_and_diagnostics_of_multi-axis_machining_robot_tool_wear/Tool_flack_damage/5mm_1890mm_mn_14000rpm/data_007.csv,5mm_1890mm_mn_14000rpm,5mm_1890mm_mn_14000rpm,5.0,1890.0,14000.0,1,0,1.0,train
-0.0005706953125,0.11001080402475381,0.1100122842927666,0.322,0.0005243046874999999,0.1086936418760645,0.10869490641096068,0.373,0.00029615625000000003,0.10944483082631443,0.1094452315230088,0.319,-13.18007818750001,577.9080592040641,578.0583355977462,1388.9,84.96714136718752,319.92709561614333,331.0177663230367,981.06,111.17519626562499,150.28659838772143,186.9384548980025,606.1,-4.233359437499999,22.08338180689112,22.485486077823623,77.092,13.811920359375002,118.93097325787998,119.73030336585755,414.48,-7.614275804687501,34.75467979372642,35.57899610155273,110.28,0.016682078124999968,28.468067548322136,28.468072436109235,135.63,0.044121804687499995,40.09630239944981,40.09632667516781,179.33,0.030839312500000004,35.32965915528085,35.32967261511937,148.88,data_005-6649671,METALLICADOUR-Detection_and_Diagnostics_of_Multi-axis_Robot_Faults/METALLICADOUR-Detection_and_diagnostics_of_multi-axis_machining_robot_tool_wear/Tool_flack_damage/5mm_1890mm_mn_14000rpm/data_005.csv,5mm_1890mm_mn_14000rpm,5mm_1890mm_mn_14000rpm,5.0,1890.0,14000.0,1,0,1.0,train
-0.000487078125,0.1008900307353266,0.10089120648934177,0.296,0.00045705468750000005,0.09977606574888155,0.09977711258255823,0.378,0.00022750000000000003,0.1006384781035564,0.10063873524269867,0.306,7.90655378906252,402.8174060536879,402.8949940277751,1183.8,16.73186428125,202.37297547667228,203.06347895573927,670.33,192.8759063984375,198.9471665965699,277.0940099782422,860.5,-5.6316822578125,17.64968105365463,18.526388918207868,73.049,18.265370671875,98.21661247208645,99.90058423889722,366.38,-1.1653423515624999,22.534971412590174,22.565082746637593,81.482,0.011128859375000001,28.124896373421123,28.124898575233786,241.42,0.029019148437500013,35.11869020807422,35.1187021975708,197.62,0.01588850781250002,29.373017370121648,29.3730216673421,154.83,data_004-1302595,METALLICADOUR-Detection_and_Diagnostics_of_Multi-axis_Robot_Faults/METALLICADOUR-Detection_and_diagnostics_of_multi-axis_machining_robot_tool_wear/Tool_flack_damage/5mm_1890mm_mn_14000rpm/data_004.csv,5mm_1890mm_mn_14000rpm,5mm_1890mm_mn_14000rpm,5.0,1890.0,14000.0,1,0,1.0,train
-0.00043347656250000005,0.1207136029368988,0.1207143812308107,0.435,0.0006188437500000001,0.1193586192998356,0.11936022356191363,0.429,0.00016632031250000007,0.12008831516478259,0.120088430340156,0.419,10.11386380468752,631.7453087897143,631.8262620522125,1534.4,-42.36047726562499,522.1058898121345,523.821506059738,1125.4,68.1793416171875,194.21121439833675,205.8310433861469,661.95,-5.284605390625,17.161878314274208,17.957091117677667,70.54,13.2541742265625,76.42729884820902,77.5680678092572,334.43,4.345507859375,54.40233046396859,54.575608090673015,126.07,-0.009709781249999981,39.685793875396136,39.685795063224845,453.83,0.015975460937500005,36.228020240035704,36.228023762383025,396.53,0.009924296875000035,26.38666001107325,26.386661877388747,273.46,data_000-2433642,METALLICADOUR-Detection_and_Diagnostics_of_Multi-axis_Robot_Faults/METALLICADOUR-Detection_and_diagnostics_of_multi-axis_machining_robot_tool_wear/Tool_flack_damage/10mm_1890mm_mn_14000rpm/data_000.csv,10mm_1890mm_mn_14000rpm,10mm_1890mm_mn_14000rpm,10.0,1890.0,14000.0,1,0,1.0,held_out
-0.000519625,0.11182251781219815,0.11182372512128186,0.375,0.0005568203125,0.11045039238364926,0.11045179594086509,0.396,0.00022439062500000006,0.11133902719609334,0.11133925331223037,0.356,-2.9776579921875093,575.7091276414286,575.7168280472382,1490.1,-28.267380023437507,476.6325467362642,477.4700298256285,1052.7,131.88959977343748,272.9353628518254,303.1312897466296,1381.0,-5.2228135390625,15.660247155464697,16.508213780844212,72.553,17.282998859375,74.05070071836772,76.04083328353538,288.07,2.312295171875001,50.20132970653702,50.25455415448746,121.52,0.01562121875,35.27138840951566,35.271391868728266,319.04,0.01454110937499999,33.65777825269597,33.65778139378048,352.46,0.0013486796874999953,25.87333797826126,25.87333801341206,341.85,data_001-9192015,METALLICADOUR-Detection_and_Diagnostics_of_Multi-axis_Robot_Faults/METALLICADOUR-Detection_and_diagnostics_of_multi-axis_machining_robot_tool_wear/Tool_flack_damage/10mm_1890mm_mn_14000rpm/data_001.csv,10mm_1890mm_mn_14000rpm,10mm_1890mm_mn_14000rpm,10.0,1890.0,14000.0,1,0,1.0,train
-0.0005453359375,0.10637960965759731,0.10638100743171922,0.391,0.000607859375,0.10526512632149465,0.10526688136588828,0.381,0.0001221875000000001,0.10641292255097519,0.10641299270119697,0.349,38.15437507812499,385.2664402510795,387.1511156142274,1428.2,-79.31074264062501,274.2934050534458,285.5294484882796,885.8,27.705425445312503,110.61705037413107,114.03386528825031,502.11,-7.155406703125001,13.106712513475875,14.93270765795779,69.923,3.7177698906249996,57.71248387592126,57.83210706941352,310.23,6.594384890624999,29.89023715259586,30.609021368284953,107.18,0.014902335937500006,25.544360153281342,25.544364500221256,303.09,0.03823533593749999,25.936579989054547,25.93660817203242,283.44,0.027184898437499997,19.13735974611306,19.137379054375536,223.09,data_003-1443241,METALLICADOUR-Detection_and_Diagnostics_of_Multi-axis_Robot_Faults/METALLICADOUR-Detection_and_diagnostics_of_multi-axis_machining_robot_tool_wear/Tool_flack_damage/10mm_1890mm_mn_14000rpm/data_003.csv,10mm_1890mm_mn_14000rpm,10mm_1890mm_mn_14000rpm,10.0,1890.0,14000.0,1,0,1.0,held_out
-0.00040983593749999994,0.11524263830259109,0.11524336704746829,0.373,0.0005007109375,0.11391226942035071,0.11391336987350299,0.393,0.0001595390625,0.1147305940512383,0.11473070497500877,0.397,1.774885796874998,540.9217828474987,540.9246947390259,1422.1,39.038868156250004,430.5403399916304,432.30662450051557,1051.0,123.08833207031249,239.58757661068194,269.35653761887966,1271.6,-3.8208084531249997,17.10255310462256,17.5241519033563,61.367,16.73376325,78.87427095349507,80.62982978372463,303.39,-4.1141609140625,44.758174117735244,44.94686274235728,108.64,0.0049019921874999955,35.347355306964744,35.34735564687033,495.02,0.048362875000000013,33.830330232924304,33.830364801999856,489.32,0.030236656249999997,26.83854751233743,26.838564544836874,422.65,data_002-3903819,METALLICADOUR-Detection_and_Diagnostics_of_Multi-axis_Robot_Faults/METALLICADOUR-Detection_and_diagnostics_of_multi-axis_machining_robot_tool_wear/Tool_flack_damage/10mm_1890mm_mn_14000rpm/data_002.csv,10mm_1890mm_mn_14000rpm,10mm_1890mm_mn_14000rpm,10.0,1890.0,14000.0,1,0,1.0,train
-0.000877,0.08491482945649129,0.08491935816187615,0.245,0.0007552968749999999,0.08414116650980431,0.08414455641929548,0.332,0.0003500859374999999,0.08462716500642016,0.08462788912165717,0.294,61.46767281249999,394.41283037752095,399.17384128646466,1311.5,-0.04996417187499901,219.85180423537594,219.85180991287865,545.83,161.2831486171875,237.55006163949716,287.1276472456156,1326.0,-5.317846742187499,29.093335101228853,29.575355302781894,112.98,14.1017838046875,120.43890080806631,121.26165566381395,392.61,-0.5209137500000002,30.691439442602235,30.695859756551197,84.795,0.04314575,55.46172500640594,55.461741788749634,364.7,0.06524756249999998,71.38601427820238,71.38604409667289,361.12,0.05154117187500005,47.81696070580182,47.81698848351487,417.87,data_000-8973863,METALLICADOUR-Detection_and_Diagnostics_of_Multi-axis_Robot_Faults/METALLICADOUR-Detection_and_diagnostics_of_multi-axis_machining_robot_tool_wear/Tool_broken_tooth/5mm_1890mm_mn_18000rpm/data_000.csv,5mm_1890mm_mn_18000rpm,5mm_1890mm_mn_18000rpm,5.0,1890.0,18000.0,1,0,1.0,train
-0.00040441406249999993,0.07978156294034075,0.07978258792454342,0.218,0.0004429140625,0.0790946646466798,0.07909590475136813,0.267,0.00019190624999999997,0.07962674762676303,0.07962697888043348,0.244,-42.12346478125001,435.118890963341,437.1531031095914,1046.1,-24.7968914375,202.27443132175216,203.7886929922791,507.6,79.9306823359375,140.19006489995968,161.37586026213296,561.63,-5.1421712656250005,22.029137607378296,22.621335704370512,80.897,10.01928415625,146.33599615866885,146.6785936214062,337.22,2.5841728906249997,26.29579330257948,26.422465724088376,73.611,0.008065953124999987,59.63568053932098,59.63568108479643,436.48,0.02201554687500002,75.59440727197273,75.59441047779384,380.61,0.008082000000000004,50.24326260839446,50.243263258419155,281.56,data_001-3245489,METALLICADOUR-Detection_and_Diagnostics_of_Multi-axis_Robot_Faults/METALLICADOUR-Detection_and_diagnostics_of_multi-axis_machining_robot_tool_wear/Tool_broken_tooth/5mm_1890mm_mn_18000rpm/data_001.csv,5mm_1890mm_mn_18000rpm,5mm_1890mm_mn_18000rpm,5.0,1890.0,18000.0,1,0,1.0,train
-0.0006754843749999999,0.08075400223585906,0.08075682730425955,0.246,0.00038857031249999997,0.08001567525522574,0.08001661873284512,0.3,0.00041696875,0.08056735427306475,0.08056843325707656,0.313,75.665465859375,395.1334742378444,402.3129692005783,1007.1,-47.487555921875,221.26856711860705,226.30697462109893,521.92,72.8505499921875,128.80829477598957,147.98236191270374,529.28,-5.9022413359375,20.329534208294923,21.168996525907477,88.973,5.291550734375001,130.1905949331837,130.29808716259336,327.95,4.276680609375,27.274624863943004,27.607882180700166,77.384,0.0121981953125,55.48626444235806,55.48626578319411,446.91,0.0260470234375,70.75101680443429,70.75102159904671,409.31,-0.0009530312499999756,47.61995435610374,47.619954365640375,274.86,data_003-6612759,METALLICADOUR-Detection_and_Diagnostics_of_Multi-axis_Robot_Faults/METALLICADOUR-Detection_and_diagnostics_of_multi-axis_machining_robot_tool_wear/Tool_broken_tooth/5mm_1890mm_mn_18000rpm/data_003.csv,5mm_1890mm_mn_18000rpm,5mm_1890mm_mn_18000rpm,5.0,1890.0,18000.0,1,0,1.0,train
-0.0006690546875,0.0826066366614247,0.08260934604926673,0.24,0.000554140625,0.08186687015006573,0.08186874556263826,0.321,0.0002374921875000001,0.08236473643737577,0.08236507883161104,0.28,24.273719476562494,319.47260463545325,320.39344339388015,1084.8,25.801780046875,187.2151675161927,188.98478986866488,549.93,216.2994795078125,249.3100127866629,330.0620355494352,1165.3,-4.59861828125,29.273580110392313,29.63257974892168,137.42,20.305320226562497,86.6110325063063,88.95941198834272,327.04,-3.1289453984374997,28.643766778390976,28.814157536899422,82.558,0.02596385156250001,74.47556876978621,74.4755732955762,495.02,0.07037961718749995,81.85966372262335,81.85969397738727,489.32,0.513678671874999,70.64760625648148,70.64947371034538,501.56,data_002-4119175,METALLICADOUR-Detection_and_Diagnostics_of_Multi-axis_Robot_Faults/METALLICADOUR-Detection_and_diagnostics_of_multi-axis_machining_robot_tool_wear/Tool_broken_tooth/5mm_1890mm_mn_18000rpm/data_002.csv,5mm_1890mm_mn_18000rpm,5mm_1890mm_mn_18000rpm,5.0,1890.0,18000.0,1,0,1.0,train
-0.00067234375,0.08024893594002874,0.08025175241466694,0.223,0.0003786875,0.07954459393260076,0.07954549533521682,0.276,0.0004283828125,0.08011829006056266,0.08011943530793574,0.272,-10.458046953125002,320.6162993618943,320.7868173142244,944.59,-20.53505755468749,175.98326530324667,177.17730739450587,501.15,149.51024200781248,187.86411040558608,240.09630660157373,929.03,-5.45914940625,23.589360806346036,24.212811804739538,83.898,14.837855468750002,101.45589030320926,102.53516290584582,305.69,1.8183837187499998,24.936907289721518,25.003117096169856,72.999,0.01848930468749998,61.99220611870668,61.992208875943454,495.02,0.013669164062500013,63.902768138875025,63.902769600830815,489.32,0.0025652187500000093,50.439646198181094,50.439646263411,435.42,data_006-5292422,METALLICADOUR-Detection_and_Diagnostics_of_Multi-axis_Robot_Faults/METALLICADOUR-Detection_and_diagnostics_of_multi-axis_machining_robot_tool_wear/Tool_broken_tooth/5mm_1890mm_mn_18000rpm/data_006.csv,5mm_1890mm_mn_18000rpm,5mm_1890mm_mn_18000rpm,5.0,1890.0,18000.0,1,0,1.0,train
-0.0004868046874999999,0.08059955197771715,0.0806010220643169,0.214,0.0006101406250000001,0.079891442519163,0.0798937723441258,0.308,1.703906250000001e-05,0.0804263870449733,0.08042638884991356,0.27,77.972444953125,407.36169653693383,414.756861278288,1250.7,50.3354328125,229.96687056798442,235.41116658997677,679.68,56.1313716171875,156.85573019514297,166.5966715594231,594.57,-4.5664532187499995,27.233032056422864,27.613231067464515,106.46,3.6047453359374995,115.98592050035924,116.04192321421004,401.47,-5.915118281249999,30.522186353822917,31.090070506492452,95.776,0.030049249999999986,50.64739205807312,50.64740097222753,495.02,0.04367547656249998,66.60666672104348,66.60668104053387,291.27,0.023104132812499976,47.21884693507745,47.21885258749122,275.61,data_007-5136475,METALLICADOUR-Detection_and_Diagnostics_of_Multi-axis_Robot_Faults/METALLICADOUR-Detection_and_diagnostics_of_multi-axis_machining_robot_tool_wear/Tool_broken_tooth/5mm_1890mm_mn_18000rpm/data_007.csv,5mm_1890mm_mn_18000rpm,5mm_1890mm_mn_18000rpm,5.0,1890.0,18000.0,1,0,1.0,held_out
-0.000507140625,0.07937206054958176,0.07937368069769726,0.228,0.00042856249999999996,0.07867126693039583,0.07867243422095188,0.27,0.00022983593749999998,0.07919706135333769,0.07919739485338202,0.245,5.263166187499999,384.6146099862921,384.6506195669322,1025.8,47.824505640625006,184.82011047969172,190.90745553145803,505.97,71.99757985156249,134.32063040222516,152.3997482154524,494.01,-4.248681382812499,22.118429971099758,22.5227937405443,87.044,7.273142781250001,118.4171303267222,118.64027714369331,324.32,-5.244568507812499,24.687701285336587,25.2386230525191,65.127,0.0005506406250000291,68.04315733675897,68.043157338987,455.06,0.03130031250000002,73.39608630327739,73.3960929774038,382.46,0.018725781250000018,49.65422875509013,49.65423228605698,277.41,data_005-2076759,METALLICADOUR-Detection_and_Diagnostics_of_Multi-axis_Robot_Faults/METALLICADOUR-Detection_and_diagnostics_of_multi-axis_machining_robot_tool_wear/Tool_broken_tooth/5mm_1890mm_mn_18000rpm/data_005.csv,5mm_1890mm_mn_18000rpm,5mm_1890mm_mn_18000rpm,5.0,1890.0,18000.0,1,0,1.0,train
-0.0006698437500000001,0.07993341152547279,0.07993621812889323,0.224,0.0006917656249999999,0.07924394480618105,0.07924696415715242,0.328,0.00010819531250000003,0.07977379252274429,0.07977386589408526,0.251,-11.541333999999988,318.7989873532938,319.0078317659069,1036.1,0.5189046250000015,145.92226317997924,145.92318579847745,517.54,192.13850175,229.34993078306078,299.19658187373983,1307.7,-4.9231723671875,27.59005545397739,28.025859239469998,115.45,18.9030526640625,100.16867296032056,101.93668840340055,340.87,-0.37749344531249973,25.027281969933657,25.030128727272263,94.128,0.023752031249999875,85.17241278052214,85.17241609238663,495.02,0.02467726562499999,79.90682430681686,79.90682811730133,489.32,0.012030640624999889,56.96669401475357,56.96669528511264,459.46,data_004-2691681,METALLICADOUR-Detection_and_Diagnostics_of_Multi-axis_Robot_Faults/METALLICADOUR-Detection_and_diagnostics_of_multi-axis_machining_robot_tool_wear/Tool_broken_tooth/5mm_1890mm_mn_18000rpm/data_004.csv,5mm_1890mm_mn_18000rpm,5mm_1890mm_mn_18000rpm,5.0,1890.0,18000.0,1,0,1.0,held_out
-0.0005389140625,0.10475945102684406,0.104760837185527,0.346,0.0005048671874999999,0.1034762125052685,0.10347744413790137,0.391,0.00028196093749999993,0.10441709760124165,0.10441747829476394,0.334,8.832116968749993,553.5117163568367,553.5821767673169,1760.8,47.60636707812501,269.28344234404733,273.45920812259556,853.83,189.429249484375,303.8739343764852,358.0821254316641,1509.2,-4.1901954609375,25.663270080491312,26.003099223459916,106.34,11.0628566640625,156.00402517397842,156.39578852402926,544.76,-6.732672703124999,32.164261972441,32.86135465800548,107.14,-0.00022052343749999893,36.72154631529954,36.7215463159617,256.92,0.013921039062500015,49.87721400629006,49.877215949014094,381.17,-0.016201187500000016,40.00128512671997,40.00128840759538,322.44,data_000-8632150,METALLICADOUR-Detection_and_Diagnostics_of_Multi-axis_Robot_Faults/METALLICADOUR-Detection_and_diagnostics_of_multi-axis_machining_robot_tool_wear/Tool_broken_tooth/5mm_2730mm_mn_14000rpm/data_000.csv,5mm_2730mm_mn_14000rpm,5mm_2730mm_mn_14000rpm,5.0,2730.0,14000.0,1,0,1.0,train
-0.000551125,0.10200875182421543,0.10201024060112789,0.337,0.000540765625,0.10085349837778965,0.10085494813096678,0.337,0.0002423281249999999,0.1017802231474997,0.10178051162612123,0.337,-7.1130051484375,479.72074175870347,479.7734725010985,2073.4,-47.70537734375,240.56025823249635,245.24485900502566,753.52,172.186738859375,260.6559029139005,312.3936183133185,1325.3,-5.6366601953125,21.37110999130587,22.10195195945177,92.44,9.10671465625,124.60250504951041,124.93484908720875,518.62,3.0989323906250013,27.880446039201093,28.05214168840712,90.38,0.01621874218749997,41.33179042798829,41.33179361013434,422.4,0.039552609375000006,47.283912261095054,47.28392880381075,395.84,0.0469219453125,38.39100044594061,38.391029120214576,289.93,data_001-1468818,METALLICADOUR-Detection_and_Diagnostics_of_Multi-axis_Robot_Faults/METALLICADOUR-Detection_and_diagnostics_of_multi-axis_machining_robot_tool_wear/Tool_broken_tooth/5mm_2730mm_mn_14000rpm/data_001.csv,5mm_2730mm_mn_14000rpm,5mm_2730mm_mn_14000rpm,5.0,2730.0,14000.0,1,0,1.0,train
-0.0005163359375,0.10090377764242599,0.10090509870820452,0.295,0.0004886015625,0.0996802171857617,0.09968141466536026,0.362,0.0002758281249999999,0.1007082528121229,0.10070863054190043,0.295,24.534223921874997,430.9172429297426,431.61510445953985,1315.1,-15.302532843749992,253.60891927547237,254.07017032211223,746.97,164.9079734609375,230.43104247998082,283.3603801687949,1007.1,-4.9419489296875,22.607972674947334,23.141808220076594,96.173,7.3343589140625,118.49170615269325,118.71847896455081,415.0,-0.3540189140624998,28.9223597016647,28.924526272767064,91.12,-0.00272521874999996,59.97189742682957,59.97189748874871,495.02,-0.0020944999999998773,58.58252609613297,58.582526133575286,489.2,-0.01698574218749997,48.979584754265936,48.97958769952804,427.41,data_003-7443304,METALLICADOUR-Detection_and_Diagnostics_of_Multi-axis_Robot_Faults/METALLICADOUR-Detection_and_diagnostics_of_multi-axis_machining_robot_tool_wear/Tool_broken_tooth/5mm_2730mm_mn_14000rpm/data_003.csv,5mm_2730mm_mn_14000rpm,5mm_2730mm_mn_14000rpm,5.0,2730.0,14000.0,1,0,1.0,train
-0.0005461796875,0.1014016108350181,0.10140308176868935,0.311,0.0005148984375,0.10023147707574981,0.1002327996076509,0.319,0.00025986718749999995,0.1012350626727586,0.10123539620761357,0.32,-16.2623412265625,474.68793688754147,474.9664210959757,1508.7,-18.458836390625002,302.9823133271246,303.54408383289535,808.47,74.7025837890625,143.08318790530743,161.4102682170729,574.8,-4.610085765624999,23.376670758245492,23.826909713721335,93.53,1.0041776640624998,124.54205215297515,124.54610040966912,412.32,0.4280085859374985,33.7495502049256,33.75226407790194,96.849,0.024302101562499984,40.72562808313311,40.72563533399842,360.52,0.04738463281250002,48.58282448646753,48.58284759445802,234.12,0.026438226562499993,39.36325652706066,39.36326540564194,219.42,data_002-3649475,METALLICADOUR-Detection_and_Diagnostics_of_Multi-axis_Robot_Faults/METALLICADOUR-Detection_and_diagnostics_of_multi-axis_machining_robot_tool_wear/Tool_broken_tooth/5mm_2730mm_mn_14000rpm/data_002.csv,5mm_2730mm_mn_14000rpm,5mm_2730mm_mn_14000rpm,5.0,2730.0,14000.0,1,0,1.0,train
-0.000591375,0.10072094289724146,0.10072267898790223,0.294,0.00056884375,0.0996745935747324,0.09967621675956607,0.319,0.00026435937499999995,0.10079449996649543,0.10079484664096175,0.362,48.5518770234375,371.4742744825678,374.63371626810255,1277.0,9.695187078125,224.90422733541186,225.11310074231235,712.32,18.690119765625,106.26462767990154,107.89574446103748,484.5,-3.2032370859375003,19.8021463744689,20.059554552995866,87.243,-8.280713828125,100.99951069251568,101.33840033092535,410.85,-3.208808640625,25.197223956288013,25.400719438541195,84.849,0.0016647968749999827,35.826706047504054,35.82670608618398,282.81,0.0336587109375,38.923303071217205,38.92331762430649,278.43,-0.0061531718750000115,34.92145002512479,34.92145056722032,206.18,data_005-859104,METALLICADOUR-Detection_and_Diagnostics_of_Multi-axis_Robot_Faults/METALLICADOUR-Detection_and_diagnostics_of_multi-axis_machining_robot_tool_wear/Tool_broken_tooth/5mm_2730mm_mn_14000rpm/data_005.csv,5mm_2730mm_mn_14000rpm,5mm_2730mm_mn_14000rpm,5.0,2730.0,14000.0,1,0,1.0,held_out
-0.0005526718749999999,0.1011167479979137,0.10111825835068067,0.296,0.0005330625,0.09993731050949436,0.09993873216876428,0.397,0.0002717578124999999,0.10090494776584964,0.100905313715074,0.316,-34.99060662499999,435.20986075312925,436.6142066501543,1241.1,3.2855154765624976,271.79553324698537,271.8153904858219,683.59,130.7827430625,199.17146616233734,238.27169117670482,1052.6,-4.3040216953125,23.213163735805562,23.60880287899069,95.46,6.336148812499999,118.23645262249305,118.406104194527,359.69,-1.837678523437501,30.494035447215758,30.54935777085264,85.524,0.02829160937499995,51.13649738744345,51.136505213703956,491.83,0.05385527343749999,54.40196300542021,54.40198966245247,489.32,0.03432568749999996,45.07019982526362,45.07021289656857,471.37,data_004-8625559,METALLICADOUR-Detection_and_Diagnostics_of_Multi-axis_Robot_Faults/METALLICADOUR-Detection_and_diagnostics_of_multi-axis_machining_robot_tool_wear/Tool_broken_tooth/5mm_2730mm_mn_14000rpm/data_004.csv,5mm_2730mm_mn_14000rpm,5mm_2730mm_mn_14000rpm,5.0,2730.0,14000.0,1,0,1.0,train
-0.000556875,0.09849023142987012,0.09849180573466505,0.297,0.000449359375,0.09744108539536647,0.09744212152285582,0.31,0.00030891406250000005,0.09847890399999124,0.09847938850814164,0.305,46.510063499999994,354.38201784048266,357.4210410362913,1146.0,10.889685093750005,203.46159066009514,203.75280149086822,580.1,59.638646460937494,187.12252905628668,196.39656064227177,1051.3,-5.063289398437501,17.885284486546304,18.588176368246117,81.282,3.5784166640625004,96.26605709792713,96.33254286586131,378.87,-1.1306058515625,23.234829593372552,23.262320946643488,75.979,0.009452546874999995,26.67078165875823,26.67078333382424,175.81,0.0209380234375,34.29551191886248,34.29551831038079,222.68,0.01859151562499997,28.66148498059449,28.661491010366102,154.3,data_000-200634,METALLICADOUR-Detection_and_Diagnostics_of_Multi-axis_Robot_Faults/METALLICADOUR-Detection_and_diagnostics_of_multi-axis_machining_robot_tool_wear/Tool_broken_tooth/5mm_1890mm_mn_14000rpm/data_000.csv,5mm_1890mm_mn_14000rpm,5mm_1890mm_mn_14000rpm,5.0,1890.0,14000.0,1,0,1.0,train
-0.0006009921875,0.09570579929830828,0.0957076862688546,0.241,0.0004825703124999999,0.09467409505419629,0.09467532491857368,0.299,0.0002748125,0.09582214780174697,0.09582254187428968,0.275,-62.45194302343751,358.5994510410555,363.99699377103246,1249.1,-26.22222077343749,196.0579762264429,197.80377879175956,480.53,9.354152523437502,79.26551998447673,79.81555504938376,326.69,-5.0353591484375,18.205776834915742,18.889286696868883,67.004,2.6147078671874993,104.80833175251718,104.84094191667886,352.92,3.2716379140625005,22.504570118528044,22.7411365340538,64.894,0.027294851562499972,33.99754341478575,33.997554371589196,261.7,0.05188253124999999,42.24266980220372,42.24270166330585,277.42,0.03523905468749999,33.87808496256353,33.87810328990761,324.28,data_001-561654,METALLICADOUR-Detection_and_Diagnostics_of_Multi-axis_Robot_Faults/METALLICADOUR-Detection_and_diagnostics_of_multi-axis_machining_robot_tool_wear/Tool_broken_tooth/5mm_1890mm_mn_14000rpm/data_001.csv,5mm_1890mm_mn_14000rpm,5mm_1890mm_mn_14000rpm,5.0,1890.0,14000.0,1,0,1.0,held_out
-0.0006273749999999999,0.0964284272821525,0.09643046814933545,0.248,0.00047721875000000005,0.09542436859439861,0.0954255618761294,0.291,0.000296921875,0.09650721051377532,0.09650766727960013,0.3,68.137767015625,327.63840500756953,334.6485914056411,965.06,-47.708436921875,217.56832029729293,222.73766845891598,547.91,12.4174638671875,77.46627592427805,78.45519303697678,351.08,-5.7440274609375,17.69026549714261,18.59944474524437,64.796,-1.6822094140625,93.79212243623685,93.80720686390147,295.33,4.8709789140624995,24.403174918985325,24.884561111416772,71.565,0.0020080703125000703,64.53215925542368,64.5321592866666,495.02,0.01047376562500004,51.08756203919357,51.087563112838126,462.49,0.010396867187500002,43.205784535301824,43.20578578623207,364.99,data_003-6574081,METALLICADOUR-Detection_and_Diagnostics_of_Multi-axis_Robot_Faults/METALLICADOUR-Detection_and_diagnostics_of_multi-axis_machining_robot_tool_wear/Tool_broken_tooth/5mm_1890mm_mn_14000rpm/data_003.csv,5mm_1890mm_mn_14000rpm,5mm_1890mm_mn_14000rpm,5.0,1890.0,14000.0,1,0,1.0,train
-0.0006002109374999999,0.09781610435029606,0.0978179458148529,0.297,0.00046716406249999997,0.09678061409988681,0.09678174160353027,0.331,0.0002715,0.09790229627478102,0.0979026727322855,0.303,14.708824945312498,339.14628696476507,339.46509907980027,1210.4,27.590884570312497,165.67654079882703,167.95824803336606,531.14,120.9584246015625,194.4093514239104,228.9671076883258,954.94,-4.4974914453125,16.082021967993345,16.699067635041175,78.989,10.017608937499999,91.13585015498647,91.68476248699578,306.07,-2.7625037578125005,19.688827948294247,19.88168435996963,76.599,-0.0009834140624999943,43.31752543671969,43.31752544788265,394.85,0.012340015625000048,48.206090230787346,48.20609181021416,460.63,-0.005749062499999997,36.47052997831712,36.47053043144625,325.78,data_002-8522427,METALLICADOUR-Detection_and_Diagnostics_of_Multi-axis_Robot_Faults/METALLICADOUR-Detection_and_diagnostics_of_multi-axis_machining_robot_tool_wear/Tool_broken_tooth/5mm_1890mm_mn_14000rpm/data_002.csv,5mm_1890mm_mn_14000rpm,5mm_1890mm_mn_14000rpm,5.0,1890.0,14000.0,1,0,1.0,train
-0.0006312500000000001,0.09786091305872585,0.09786294897074173,0.275,0.0004941250000000001,0.09683330350973975,0.09683456422231165,0.341,0.00027676562500000005,0.0979446787932546,0.09794506982551494,0.339,-21.046250507812495,325.91022331124026,326.58906644163716,1026.1,-33.2098412578125,204.631317741968,207.30863406328106,557.25,97.268484921875,163.06689820288221,189.87356700843375,861.86,-5.318921453125,16.306798057193692,17.152334777009496,65.801,9.72000103125,87.22410349410482,87.76401683148859,286.74,3.8813201406249997,22.83307487805849,23.16061213398832,69.088,-0.012274578124999998,45.765702164593165,45.76570381064314,495.02,0.032126992187499995,39.399414741950075,39.39942784041185,374.82,0.021973695312499965,34.68141039259681,34.6814173537214,352.23,data_006-6477390,METALLICADOUR-Detection_and_Diagnostics_of_Multi-axis_Robot_Faults/METALLICADOUR-Detection_and_diagnostics_of_multi-axis_machining_robot_tool_wear/Tool_broken_tooth/5mm_1890mm_mn_14000rpm/data_006.csv,5mm_1890mm_mn_14000rpm,5mm_1890mm_mn_14000rpm,5.0,1890.0,14000.0,1,0,1.0,train
-0.0005855781249999999,0.09613704453869237,0.09613882792282731,0.258,0.0004941093749999999,0.09510468128751884,0.09510596483331107,0.304,0.00023585937499999999,0.09621580307298913,0.09621609216043332,0.321,64.11848479687501,322.2372721584083,328.5544698535377,897.36,37.090887796875,209.1378387080841,212.4014348752121,620.79,7.0211229218749995,71.49879234161307,71.84269951354268,293.22,-4.59366828125,17.616257804961112,18.205337880111305,72.528,-2.3784306562499995,83.81364021472311,83.84738051024397,254.97,-4.0019665859375,23.144508372542806,23.487954452477638,73.865,0.050507843749999976,65.83030971805893,65.83032909395062,495.02,0.032774507812500034,45.498914313542336,45.498926117870404,306.74,0.0193335703125,39.31580885529706,39.31581360894361,243.53,data_007-3723352,METALLICADOUR-Detection_and_Diagnostics_of_Multi-axis_Robot_Faults/METALLICADOUR-Detection_and_diagnostics_of_multi-axis_machining_robot_tool_wear/Tool_broken_tooth/5mm_1890mm_mn_14000rpm/data_007.csv,5mm_1890mm_mn_14000rpm,5mm_1890mm_mn_14000rpm,5.0,1890.0,14000.0,1,0,1.0,train
-0.0005503671875000001,0.09671146694237671,0.09671303294896452,0.251,0.00047638281249999997,0.09567134263510392,0.09567252867039472,0.304,0.00023233593749999998,0.09672381943748214,0.09672409847893389,0.306,-5.1810216640625,372.4803374017932,372.5163684141103,1106.8,41.5582113203125,217.0764327931973,221.01869287995362,604.01,34.083358796875,97.50536999342548,103.29071848153305,481.74,-4.0257241484375,19.367162523508494,19.781138469039256,64.535,3.2940268750000006,101.80615409676892,101.8594307122727,392.22,-3.870198335937499,24.656201091523076,24.958098634012913,81.845,0.007138273437499939,72.1324845873427,72.13248494054659,495.02,0.030598640625000003,57.239752457828274,57.23976063638165,387.74,0.017152812499999986,47.10010349157295,47.10010661490969,327.15,data_005-8952888,METALLICADOUR-Detection_and_Diagnostics_of_Multi-axis_Robot_Faults/METALLICADOUR-Detection_and_diagnostics_of_multi-axis_machining_robot_tool_wear/Tool_broken_tooth/5mm_1890mm_mn_14000rpm/data_005.csv,5mm_1890mm_mn_14000rpm,5mm_1890mm_mn_14000rpm,5.0,1890.0,14000.0,1,0,1.0,train
-0.0005973046875000001,0.09722613444592865,0.0972279691867906,0.264,0.00045096875000000003,0.0962305469091625,0.09623160359907758,0.338,0.00025285156250000004,0.09729749850085993,0.0972978270488992,0.275,-17.616926437500013,339.65163726239547,340.10820453515987,1170.5,-6.268290953124997,151.69017097800645,151.81962798930138,576.51,123.24962440624999,175.95201987218874,214.82454052874127,998.44,-4.9158539140625,16.00391522411326,16.7418912374023,84.654,11.4562001171875,90.46791696957386,91.19039709277924,374.17,0.9794705937500002,18.56730456634207,18.593121349126083,75.632,0.013971656250000018,52.90818491401455,52.90818675878748,489.51,0.03289071874999998,49.20471433292283,49.204725325764414,489.32,0.013787968750000011,39.050269933263735,39.05027236740922,410.8,data_004-2734454,METALLICADOUR-Detection_and_Diagnostics_of_Multi-axis_Robot_Faults/METALLICADOUR-Detection_and_diagnostics_of_multi-axis_machining_robot_tool_wear/Tool_broken_tooth/5mm_1890mm_mn_14000rpm/data_004.csv,5mm_1890mm_mn_14000rpm,5mm_1890mm_mn_14000rpm,5.0,1890.0,14000.0,1,0,1.0,held_out
-0.0005121328125000001,0.11629185802720611,0.11629298570179329,0.377,0.000470859375,0.11482966043862089,0.11483062581471896,0.426,0.000182171875,0.11565369887473534,0.11565384234862237,0.453,17.65489042187498,619.7371301936039,619.988552875303,2115.6,-30.767982867187516,396.0784539493441,397.27170859830716,1006.8,165.6567714765625,262.1135852755013,310.07369692061195,1343.0,-4.418060960937501,22.032951621537464,22.47154244397946,121.73,27.141390304687498,137.01711103398478,139.67943221452003,578.82,2.5208449062499994,43.12820919955996,43.20181810760255,125.88,0.018830929687500005,36.32159427599748,36.32159915744468,297.9,0.08384222656250001,48.7997624612329,48.79983448529012,292.04,0.06348123437500001,32.61936539466588,32.61942716569136,175.38,data_000-3829846,METALLICADOUR-Detection_and_Diagnostics_of_Multi-axis_Robot_Faults/METALLICADOUR-Detection_and_diagnostics_of_multi-axis_machining_robot_tool_wear/Tool_broken_tooth/10mm_1890mm_mn_14000rpm/data_000.csv,10mm_1890mm_mn_14000rpm,10mm_1890mm_mn_14000rpm,10.0,1890.0,14000.0,1,0,1.0,train
-0.0006291328124999999,0.10649481118388697,0.10649666951218474,0.386,0.0005354218750000002,0.10512947283131772,0.10513083626783819,0.341,0.00019906250000000005,0.1060126129689109,0.10601279986103093,0.363,29.897197468750004,452.90937356538507,453.8950793739396,1384.8,-32.740090234374996,331.4469950050542,333.0600906840017,852.2,110.4452757578125,229.8531916827258,255.01107557115068,1627.3,-4.080184328125,18.670126443350068,19.110769884077307,86.016,18.849261820312503,101.90865734910788,103.63719946944036,465.19,2.1915691015625,36.332831217706314,36.3988681063197,108.35,-0.029080429687500003,43.29338730968794,43.293397076436946,401.45,-0.048362812499999984,47.88897455982227,47.888998980485454,321.81,-0.0520091171875,35.455030462329844,35.455068608493875,331.93,data_001-7994323,METALLICADOUR-Detection_and_Diagnostics_of_Multi-axis_Robot_Faults/METALLICADOUR-Detection_and_diagnostics_of_multi-axis_machining_robot_tool_wear/Tool_broken_tooth/10mm_1890mm_mn_14000rpm/data_001.csv,10mm_1890mm_mn_14000rpm,10mm_1890mm_mn_14000rpm,10.0,1890.0,14000.0,1,0,1.0,train
-0.000624875,0.10664769102040782,0.10664952165270128,0.328,0.0006529218750000001,0.10554863669725983,0.10555065615914,0.391,8.713281249999996e-05,0.10677390178871188,0.10677393734105949,0.337,51.2242919375,336.9472711607142,340.81870785969204,1323.2,-45.3058812890625,172.61689266636103,178.46348229587088,697.45,22.380465843749995,97.36517686122431,99.90426876065281,504.57,-3.964308671875,14.357997113681535,14.895228241366112,72.943,9.6501628359375,72.62527398389858,73.26360668160179,382.06,2.4805765624999996,20.07325609560316,20.225945475109285,84.185,0.007800242187499993,21.022844093915765,21.02284554100294,245.83,0.01451050781249999,24.234182151647886,24.23418649581797,265.98,-0.007175789062499995,20.90205855136933,20.902059783112772,219.9,data_003-2843198,METALLICADOUR-Detection_and_Diagnostics_of_Multi-axis_Robot_Faults/METALLICADOUR-Detection_and_diagnostics_of_multi-axis_machining_robot_tool_wear/Tool_broken_tooth/10mm_1890mm_mn_14000rpm/data_003.csv,10mm_1890mm_mn_14000rpm,10mm_1890mm_mn_14000rpm,10.0,1890.0,14000.0,1,0,1.0,train
-0.0005127890625000002,0.11377365746654573,0.11377481305604287,0.393,0.0004779453125,0.11235354619110054,0.112354562761988,0.379,0.00014175000000000006,0.11319351599445747,0.11319360474978257,0.427,55.165812070312505,580.2289977366115,582.8455684277009,1546.5,60.75258120312501,367.7342016315252,372.71882052348457,1015.8,150.0277742109375,281.45197611033063,318.94129223275274,1607.4,-2.8169974375,20.80810418369321,20.99792071330665,86.896,24.1262850859375,113.39800761294225,115.9361279439366,432.8,-7.10284184375,39.660770865180055,40.29177469258013,111.01,0.055550601562499975,33.24520254346697,33.24524895418106,244.59,0.11848054687499995,43.3397101177724,43.33987206640706,357.74,0.085941328125,30.06068689232346,30.060809742090903,224.84,data_002-7570831,METALLICADOUR-Detection_and_Diagnostics_of_Multi-axis_Robot_Faults/METALLICADOUR-Detection_and_diagnostics_of_multi-axis_machining_robot_tool_wear/Tool_broken_tooth/10mm_1890mm_mn_14000rpm/data_002.csv,10mm_1890mm_mn_14000rpm,10mm_1890mm_mn_14000rpm,10.0,1890.0,14000.0,1,0,1.0,train
-0.0007642578124999997,0.1308311219270229,0.13083335413680833,0.296,0.0007235078124999999,0.13247345464236504,0.1324754303576233,0.308,0.0001489999999999998,0.13299032760505555,0.1329904110735056,0.367,121.48814474999999,85.28536542751479,148.43504596590958,406.76,-104.45679957031248,73.93203739805381,127.97331413345387,249.06,3.8464677734375003,70.91737377210367,71.02161091572304,206.53,-10.8324708046875,13.84511188955016,17.579236245314252,48.012,13.16616809375,37.65396726454798,39.88946268167235,132.11,6.58113140625,9.208764423659188,11.31868511783861,29.265,-0.25096069531249965,85.29529458100177,85.29566377566015,495.02,0.1746802812499991,77.37581869976601,77.37601587481562,489.32,-0.13237543749999942,93.94344848107265,93.94354174594656,501.56,data_009-2577435,METALLICADOUR-Detection_and_Diagnostics_of_Multi-axis_Robot_Faults/METALLICADOUR-Detection_and_diagnostics_of_multi-axis_robot_positioning_drifts/Data_with_combined_drifts/Drifts_axis_2_+0.12_axe_5_+0.04/Robot_tool_data-5mm_648mm_mn_9000rpm/data_009.csv,Robot_tool_data-5mm_648mm_mn_9000rpm,Robot_tool_data-5mm_648mm_mn_9000rpm,5.0,648.0,9000.0,1,0,1.0,train
-0.000534484375,0.1307822037834387,0.1307832959517384,0.27,0.0004247421874999998,0.13242497389564273,0.13242565505666756,0.312,0.00017232031250000008,0.1328856741400193,0.1328857858686831,0.377,204.6634797734375,58.33710322943908,212.81531327931853,416.83,27.0918818671875,30.099402162488616,40.49622295529383,188.85,-8.3901410546875,72.14467968546738,72.63091128325627,204.66,-10.609570109375,13.122758854174645,16.875123046975467,49.538,8.4459740859375,32.0584994981824,33.1524036584874,101.73,-8.408029640625,5.684784762185059,10.149469948228823,32.538,0.48688353125000006,95.8989314941165,95.90016745181549,495.02,0.23394739062500003,54.43097961254476,54.43148236969891,438.11,0.12234096093750009,67.5626287410581,67.56273950716306,501.29,data_008-3724385,METALLICADOUR-Detection_and_Diagnostics_of_Multi-axis_Robot_Faults/METALLICADOUR-Detection_and_diagnostics_of_multi-axis_robot_positioning_drifts/Data_with_combined_drifts/Drifts_axis_2_+0.12_axe_5_+0.04/Robot_tool_data-5mm_648mm_mn_9000rpm/data_008.csv,Robot_tool_data-5mm_648mm_mn_9000rpm,Robot_tool_data-5mm_648mm_mn_9000rpm,5.0,648.0,9000.0,1,0,1.0,train
-0.0004359140624999999,0.13096975802830443,0.13097048346502543,0.28,0.0007824218749999998,0.13264003862808363,0.13264234629728924,0.336,-0.0002655625,0.13314180102313322,0.13314206586622052,0.379,99.3504219921875,140.33021142343335,171.93915955410287,389.75,66.76877792968749,92.01480506385866,113.68726426985494,232.0,-6.0303713984375,65.69993433299985,65.97610742203261,189.04,-10.305091640625,12.678341400245541,16.338153334537516,48.887,10.776360023437501,33.56755308146545,35.25493660796658,128.05,-12.404522617187498,10.65855447468155,16.354723013553922,37.386,0.16697940625000002,81.76387550652869,81.76404601026807,490.64,-0.07992119531249994,50.07891288820154,50.0789766614848,409.45,0.7497038046874998,77.03760385710706,77.04125170218434,501.56,data_000-1879505,METALLICADOUR-Detection_and_Diagnostics_of_Multi-axis_Robot_Faults/METALLICADOUR-Detection_and_diagnostics_of_multi-axis_robot_positioning_drifts/Data_with_combined_drifts/Drifts_axis_2_+0.12_axe_5_+0.04/Robot_tool_data-5mm_648mm_mn_9000rpm/data_000.csv,Robot_tool_data-5mm_648mm_mn_9000rpm,Robot_tool_data-5mm_648mm_mn_9000rpm,5.0,648.0,9000.0,1,0,1.0,held_out
-0.0004179999999999997,0.13107284053532983,0.13107350704852602,0.286,0.00046307031249999994,0.13270144749567797,0.13270225545017122,0.33,3.5117187499999755e-05,0.13319220114732935,0.13319220577679275,0.372,-39.2506636640625,114.9034568434368,121.42248141362002,336.2,-94.26349946875,78.03287910961285,122.37131017616214,221.32,12.239265171875003,62.91269759657224,64.0921768301344,222.78,-10.605468984375,12.393872810684668,16.312083117308127,48.872,18.628460320312502,39.512366186911436,43.68348218256003,138.6,6.0066148281250005,8.753593166840947,10.616252400165306,26.132,-0.21931775781250012,83.56409073938534,83.56437854360624,450.75,0.08266122656249997,54.725061742685355,54.72512417180158,403.83,-0.7561009375000001,58.45609583952033,58.46098553246323,469.81,data_001-2775505,METALLICADOUR-Detection_and_Diagnostics_of_Multi-axis_Robot_Faults/METALLICADOUR-Detection_and_diagnostics_of_multi-axis_robot_positioning_drifts/Data_with_combined_drifts/Drifts_axis_2_+0.12_axe_5_+0.04/Robot_tool_data-5mm_648mm_mn_9000rpm/data_001.csv,Robot_tool_data-5mm_648mm_mn_9000rpm,Robot_tool_data-5mm_648mm_mn_9000rpm,5.0,648.0,9000.0,1,0,1.0,train
-0.0003485390624999999,0.1309211949163863,0.13092165885678542,0.274,0.0007295390624999997,0.13255739670495115,0.1325594042248135,0.32,-0.00033974218750000004,0.13307105704729158,0.13307149074252345,0.371,180.891696171875,61.169769285655164,190.95430452963927,389.97,72.19263871875,83.86758291213553,110.65960667153978,236.43,-8.7847591640625,67.11033966920488,67.68286108082779,202.05,-10.5772369140625,12.981038764767447,16.744709855611163,47.02,8.265919015625,30.91516352682502,32.00113674642204,107.87,-13.376191976562499,9.938108062463384,16.663988227763927,37.742,0.5928060468750003,90.36819760901496,90.37014196133138,494.99,0.23110819531250001,56.554067730853845,56.55453994069747,440.0,3.1881056875000002,78.68076179091756,78.74532553665507,501.56,data_003-5836613,METALLICADOUR-Detection_and_Diagnostics_of_Multi-axis_Robot_Faults/METALLICADOUR-Detection_and_diagnostics_of_multi-axis_robot_positioning_drifts/Data_with_combined_drifts/Drifts_axis_2_+0.12_axe_5_+0.04/Robot_tool_data-5mm_648mm_mn_9000rpm/data_003.csv,Robot_tool_data-5mm_648mm_mn_9000rpm,Robot_tool_data-5mm_648mm_mn_9000rpm,5.0,648.0,9000.0,1,0,1.0,train
-0.0008716796875,0.13109755472246576,0.13110045262960573,0.289,0.0007344453124999996,0.132791452700825,0.13279348372684746,0.316,0.00021476562499999995,0.1332540766875495,0.13325424975633984,0.366,-47.475170867187494,103.3271580071014,113.7118878160641,341.22,135.61191396875,83.74828589855635,159.38747316277394,273.76,2.0128065078125,61.210431482796295,61.24351649234384,177.7,-9.1955739765625,11.554782146861017,14.767246568668499,55.946,15.928677,35.98607176030986,39.35378141562129,138.25,-18.9087560625,9.999097068266689,21.38978723624314,39.037,-0.19988953125000006,92.13181361727295,92.13203045755924,495.02,-0.09356681250000005,59.12025463834461,59.120328680168114,388.67,-0.1009344140625002,66.3164062464051,66.31648305809182,501.29,data_002-6529270,METALLICADOUR-Detection_and_Diagnostics_of_Multi-axis_Robot_Faults/METALLICADOUR-Detection_and_diagnostics_of_multi-axis_robot_positioning_drifts/Data_with_combined_drifts/Drifts_axis_2_+0.12_axe_5_+0.04/Robot_tool_data-5mm_648mm_mn_9000rpm/data_002.csv,Robot_tool_data-5mm_648mm_mn_9000rpm,Robot_tool_data-5mm_648mm_mn_9000rpm,5.0,648.0,9000.0,1,0,1.0,held_out
-0.0008564921875,0.1309476922914079,0.1309504932992331,0.284,0.0007490703124999997,0.1326375232479649,0.13263963841811202,0.319,0.0002500390625,0.1331086208380386,0.13310885568187228,0.392,-69.688787546875,99.13436421922641,121.17817162716938,361.11,109.6290077734375,95.28287066584798,145.24925055818062,275.51,2.8378502500000002,63.56287382729105,63.62619211634111,193.24,-9.2104230546875,12.271135144630367,15.343162991511937,53.499,16.6263233828125,38.798112457378444,42.21052190491421,159.71,-15.94569140625,11.355398994323604,19.57575441058762,40.291,-0.00650378906250009,90.97103054413103,90.97103077661862,494.99,-0.05604346093749993,59.02512261601405,59.0251492222172,410.45,-0.12241622656250024,64.72564240365756,64.72575816704412,475.57,data_006-5741692,METALLICADOUR-Detection_and_Diagnostics_of_Multi-axis_Robot_Faults/METALLICADOUR-Detection_and_diagnostics_of_multi-axis_robot_positioning_drifts/Data_with_combined_drifts/Drifts_axis_2_+0.12_axe_5_+0.04/Robot_tool_data-5mm_648mm_mn_9000rpm/data_006.csv,Robot_tool_data-5mm_648mm_mn_9000rpm,Robot_tool_data-5mm_648mm_mn_9000rpm,5.0,648.0,9000.0,1,0,1.0,train
-0.0006800703125,0.12876578384923362,0.12876757971608188,0.279,0.0006713437499999998,0.13017827175913166,0.13018000284461897,0.308,0.00014071875000000016,0.13117627933713244,0.13117635481480647,0.369,-37.5221107734375,87.90212096593397,95.57558091481215,409.85,19.4452067734375,19.0871209750892,27.247646753057953,155.02,10.958495874999999,48.70730803788423,49.92484840377319,235.38,-9.323323210937499,7.840756317346641,12.182028374766544,47.861,16.17719590625,31.24837647581814,35.1875361422714,142.34,-6.475927796874999,3.4339587431143825,7.33005548954099,30.757,0.18759341406250005,48.91706751107949,48.917427213340936,495.02,0.16335728906249994,28.238580793605912,28.239053292221016,361.98,0.18124426562500007,32.42201589609829,32.42252248438841,464.72,data_012-2778628,METALLICADOUR-Detection_and_Diagnostics_of_Multi-axis_Robot_Faults/METALLICADOUR-Detection_and_diagnostics_of_multi-axis_robot_positioning_drifts/Data_with_combined_drifts/Drifts_axis_2_+0.12_axe_5_+0.04/Robot_tool_data-5mm_648mm_mn_9000rpm/data_012.csv,Robot_tool_data-5mm_648mm_mn_9000rpm,Robot_tool_data-5mm_648mm_mn_9000rpm,5.0,648.0,9000.0,1,0,1.0,held_out
-0.00037372656249999987,0.1309447107514045,0.1309452440729044,0.277,0.0008112734374999999,0.13261984933248908,0.13262233070475915,0.332,-0.0003404375000000002,0.133096226734865,0.13309666212475052,0.35,70.25633400000001,80.69746657291805,106.99548391594283,356.91,189.77728749999997,27.714751613028383,191.790318597758,268.4,-4.4084372421874995,59.298798756594756,59.46244069068667,208.38,-9.6769957890625,13.059894561527242,16.25438689891877,51.211,11.127634828125,29.35745104334582,31.395607792023185,120.25,-25.5581689375,5.0401751190147275,26.050400470398245,40.355,-0.17255221874999999,92.92843076661323,92.92859096646963,495.02,-0.14933057812500006,63.12340289740295,63.12357953229064,428.78,-0.05347040625000023,74.10113200270553,74.10115129447541,501.29,data_007-4649551,METALLICADOUR-Detection_and_Diagnostics_of_Multi-axis_Robot_Faults/METALLICADOUR-Detection_and_diagnostics_of_multi-axis_robot_positioning_drifts/Data_with_combined_drifts/Drifts_axis_2_+0.12_axe_5_+0.04/Robot_tool_data-5mm_648mm_mn_9000rpm/data_007.csv,Robot_tool_data-5mm_648mm_mn_9000rpm,Robot_tool_data-5mm_648mm_mn_9000rpm,5.0,648.0,9000.0,1,0,1.0,train
-0.0003513828124999999,0.13097793614453382,0.13097840748215905,0.281,0.0006772578124999997,0.1325739707495137,0.13257570063340227,0.317,-0.00024821875,0.13311724160473035,0.13311747302664667,0.369,-141.91831099218751,65.85011007953186,156.45141096315402,365.74,-24.1448936953125,58.027486761315224,62.850338991866664,206.06,12.2517243984375,67.19635557696311,68.30413569880618,254.15,-8.8449448359375,12.812320294345074,15.568834268360108,55.38,21.316238734375002,45.66682703035435,50.396836456281385,146.22,-0.4893467578125003,7.354757565279257,7.371018863997979,26.165,-0.5967164218750001,88.22005916455916,88.222077222691,495.02,0.19450319531250007,60.23035340985141,60.23066746574029,435.38,0.19415557812499998,60.581269101114664,60.58158022278874,489.74,data_011-5712987,METALLICADOUR-Detection_and_Diagnostics_of_Multi-axis_Robot_Faults/METALLICADOUR-Detection_and_diagnostics_of_multi-axis_robot_positioning_drifts/Data_with_combined_drifts/Drifts_axis_2_+0.12_axe_5_+0.04/Robot_tool_data-5mm_648mm_mn_9000rpm/data_011.csv,Robot_tool_data-5mm_648mm_mn_9000rpm,Robot_tool_data-5mm_648mm_mn_9000rpm,5.0,648.0,9000.0,1,0,1.0,train
-0.00029136718749999985,0.13101760104981905,0.1310179250319875,0.275,0.0006019765624999999,0.13265781206088356,0.13265917788288342,0.311,-0.0002670000000000001,0.13314396376103574,0.13314423147474322,0.381,-128.2350167421875,61.056046335099914,142.02837854789084,344.85,-27.784283945312506,79.68906781241844,84.3938028718103,208.44,11.321880054687501,65.96470798424428,66.92927362088544,207.58,-9.212703781250001,12.010846985111185,15.137184555286776,55.103,20.72690265625,44.07481107877008,48.705168774483646,145.2,-0.34539670312500037,9.383073503638833,9.389428484056884,24.475,-0.22601496875000007,86.26741623908424,86.26771231076849,495.02,0.11960258593749995,54.78941233500454,54.7895428781233,410.31,0.11376475781249996,56.22953564065064,56.229650726136654,434.65,data_005-6302400,METALLICADOUR-Detection_and_Diagnostics_of_Multi-axis_Robot_Faults/METALLICADOUR-Detection_and_diagnostics_of_multi-axis_robot_positioning_drifts/Data_with_combined_drifts/Drifts_axis_2_+0.12_axe_5_+0.04/Robot_tool_data-5mm_648mm_mn_9000rpm/data_005.csv,Robot_tool_data-5mm_648mm_mn_9000rpm,Robot_tool_data-5mm_648mm_mn_9000rpm,5.0,648.0,9000.0,1,0,1.0,train
-0.0008830156249999998,0.13091583568616139,0.13091881358307522,0.283,0.00079425,0.1325951365814844,0.13259751535426673,0.326,0.00018668750000000017,0.13308389919859706,0.13308403013932588,0.381,67.66154527343748,90.80297361485013,113.2398548484084,360.01,-142.28992725,32.68056969820458,145.9946678225253,227.51,6.6343813046875,64.28887793145731,64.63029352387164,199.36,-11.129164578125001,13.766286986307062,17.70223041304003,45.851,15.1555505625,37.13550267807883,40.10905473837664,133.1,10.796829273437499,5.396868189400822,12.0705305854185,25.036,-0.027944148437499962,79.68703462361903,79.68703952325804,462.39,-0.038244921875000004,51.81713437233728,51.81714848614218,443.83,-3.0075667109374993,59.212085034054724,59.28841768508304,464.08,data_004-9624763,METALLICADOUR-Detection_and_Diagnostics_of_Multi-axis_Robot_Faults/METALLICADOUR-Detection_and_diagnostics_of_multi-axis_robot_positioning_drifts/Data_with_combined_drifts/Drifts_axis_2_+0.12_axe_5_+0.04/Robot_tool_data-5mm_648mm_mn_9000rpm/data_004.csv,Robot_tool_data-5mm_648mm_mn_9000rpm,Robot_tool_data-5mm_648mm_mn_9000rpm,5.0,648.0,9000.0,1,0,1.0,held_out
-0.0007090781249999999,0.13088609768645273,0.13088801839501962,0.277,0.0009124921874999998,0.13255698205232438,0.13256012270970668,0.312,-0.00012456250000000008,0.13301808488344205,0.13301814320563568,0.363,14.283157539062499,73.2569625953314,74.63639298612614,255.44,-165.65855373437498,25.81097288391158,167.657277642752,250.19,9.910670117187498,63.039077915729415,63.81337419880818,227.04,-10.293830484375,14.828190571656874,18.050988384861974,47.857,16.787158375000004,40.28098317655843,43.63904549801147,137.11,14.05788503125,4.4840029327234845,14.755690897159496,29.23,0.8364776171875001,83.9991339489882,84.003298738705,494.99,0.028539289062500087,59.08946123016303,59.0894681221786,446.92,-0.00013002343749991496,64.03875593903645,64.03875593916845,474.21,data_010-4501522,METALLICADOUR-Detection_and_Diagnostics_of_Multi-axis_Robot_Faults/METALLICADOUR-Detection_and_diagnostics_of_multi-axis_robot_positioning_drifts/Data_with_combined_drifts/Drifts_axis_2_+0.12_axe_5_+0.04/Robot_tool_data-5mm_648mm_mn_9000rpm/data_010.csv,Robot_tool_data-5mm_648mm_mn_9000rpm,Robot_tool_data-5mm_648mm_mn_9000rpm,5.0,648.0,9000.0,1,0,1.0,train
-0.000623125,0.1301786830172643,0.13018017436182439,0.295,0.0006542968749999998,0.1318053993653119,0.13180702335706546,0.312,2.6960937499999892e-05,0.13236159929685176,0.1323616020427091,0.374,90.699730296875,78.60195086025425,120.0196140427209,324.93,-94.663449390625,65.22059755715826,114.95605680539072,232.27,-21.682360562499998,67.68641125705211,71.07443301512188,203.14,-11.144667843750002,13.144229962882017,17.23294526958873,48.24,-3.5392253593749996,36.19482437801248,36.36745011544814,130.44,5.994540671875,8.247843968298179,10.196148684290371,27.087,-0.3743919687499997,74.77015388024311,74.77109120924678,482.59,2.5709633125,50.25902592773166,50.32474082952265,433.79,-0.4295088203125001,53.792452790289566,53.794167481449676,501.29,data_009-5814786,METALLICADOUR-Detection_and_Diagnostics_of_Multi-axis_Robot_Faults/METALLICADOUR-Detection_and_diagnostics_of_multi-axis_robot_positioning_drifts/Data_with_combined_drifts/Drifts_axis_2_+0.12_axis_4_-0.04/Robot_tool_data-5mm_648mm_mn_9000rpm/data_009.csv,Robot_tool_data-5mm_648mm_mn_9000rpm,Robot_tool_data-5mm_648mm_mn_9000rpm,5.0,648.0,9000.0,1,0,1.0,train
-0.0006385468749999999,0.13015869859670703,0.13016026491406663,0.275,0.0007209765624999999,0.13180233933331315,0.13180431123805283,0.31,-8.69531250000008e-06,0.13230944698066363,0.1323094472663895,0.369,170.4170672734375,49.50771852375471,177.46264680632555,383.07,19.566906976562503,27.25668453392204,33.55280465789998,181.07,-32.50211890625,71.66267240617563,78.68879430891579,224.32,-11.0801695859375,12.3652799423539,16.603322140641435,51.098,-7.699933242187501,32.27468759198585,33.18048268326472,111.93,-7.085978257812499,5.106831651373735,8.73446148229323,32.956,-0.17530156249999998,74.83550549060992,74.83571081156991,495.02,0.5247091250000001,46.868100020623714,46.87103710404802,437.61,-0.8276554843750004,57.683398511968136,57.68933590787247,501.29,data_008-4363237,METALLICADOUR-Detection_and_Diagnostics_of_Multi-axis_Robot_Faults/METALLICADOUR-Detection_and_diagnostics_of_multi-axis_robot_positioning_drifts/Data_with_combined_drifts/Drifts_axis_2_+0.12_axis_4_-0.04/Robot_tool_data-5mm_648mm_mn_9000rpm/data_008.csv,Robot_tool_data-5mm_648mm_mn_9000rpm,Robot_tool_data-5mm_648mm_mn_9000rpm,5.0,648.0,9000.0,1,0,1.0,held_out
-0.000734203125,0.13033950047192616,0.13034156834064872,0.277,0.0005559296874999997,0.13195580272147966,0.13195697378193963,0.321,0.00026490625,0.13249864573479123,0.1324989105497664,0.373,69.92342039062498,127.36588317878146,145.29746356022557,347.89,62.05981440625,85.0453772282088,105.28122696866015,227.17,-29.805452085937496,66.27367446298354,72.66749549057428,201.41,-10.988276648437498,11.794373587594837,16.119847146494646,48.281,-5.3580403125,34.413094643578034,34.82771423648463,109.6,-11.529175820312501,9.888687433365368,15.189076148682531,36.357,-0.06435756250000005,63.78209207394964,63.78212454305392,483.12,-0.025058585937500027,39.58472563901954,39.5847335705216,451.09,-0.06492674218750004,43.210844848469655,43.210893626496166,474.73,data_000-5236082,METALLICADOUR-Detection_and_Diagnostics_of_Multi-axis_Robot_Faults/METALLICADOUR-Detection_and_diagnostics_of_multi-axis_robot_positioning_drifts/Data_with_combined_drifts/Drifts_axis_2_+0.12_axis_4_-0.04/Robot_tool_data-5mm_648mm_mn_9000rpm/data_000.csv,Robot_tool_data-5mm_648mm_mn_9000rpm,Robot_tool_data-5mm_648mm_mn_9000rpm,5.0,648.0,9000.0,1,0,1.0,train
-0.000409109375,0.1303744163031777,0.13037505818550954,0.296,0.0005595781249999999,0.1320017313942208,0.13200291746302428,0.31,-0.00015265625000000015,0.13251073603606364,0.1325108239682706,0.393,-54.021141375,103.833957482601,117.04603556702092,359.25,-82.2151454609375,74.26679533604748,110.79208921511263,220.57,-13.926429671875,62.31108443999344,63.84838829206006,185.65,-11.034754070312498,11.923935164554324,16.246415826291454,60.699,1.528785,39.575311545302185,39.60482884048299,119.89,5.0712931875,8.440662737655021,9.846969180637354,24.557,0.02710395312500006,68.10237590741906,68.10238130094783,460.59,0.05135750781250004,43.82653447636249,43.826564567638634,438.1,0.058967554687500014,46.446844303912364,46.446881735638435,423.16,data_001-1333242,METALLICADOUR-Detection_and_Diagnostics_of_Multi-axis_Robot_Faults/METALLICADOUR-Detection_and_diagnostics_of_multi-axis_robot_positioning_drifts/Data_with_combined_drifts/Drifts_axis_2_+0.12_axis_4_-0.04/Robot_tool_data-5mm_648mm_mn_9000rpm/data_001.csv,Robot_tool_data-5mm_648mm_mn_9000rpm,Robot_tool_data-5mm_648mm_mn_9000rpm,5.0,648.0,9000.0,1,0,1.0,train
-0.0006316484374999999,0.13026633287687536,0.1302678642679671,0.288,0.0006315390625,0.13187749432702697,0.13187900648534814,0.315,7.146093750000002e-05,0.1324314366635502,0.13243145594396183,0.366,144.580868453125,52.49966106556107,153.8175605535942,362.9,61.19674489843751,76.97275991796378,98.33538201254385,237.62,-32.899398710937504,67.95199646828489,75.49731292944828,209.66,-11.100653859374999,12.342579977344274,16.60011435511204,47.424,-7.6384368671875,31.774427480040828,32.67965666065638,110.13,-11.671259640625001,9.241038035312199,14.886741939355595,38.277,0.5757261640625003,76.73344584689092,76.73560563489238,494.99,0.2751991249999999,49.05119423471135,49.05196622368752,457.45,0.30565960156249994,57.83314735862148,57.833955088650605,501.29,data_003-773588,METALLICADOUR-Detection_and_Diagnostics_of_Multi-axis_Robot_Faults/METALLICADOUR-Detection_and_diagnostics_of_multi-axis_robot_positioning_drifts/Data_with_combined_drifts/Drifts_axis_2_+0.12_axis_4_-0.04/Robot_tool_data-5mm_648mm_mn_9000rpm/data_003.csv,Robot_tool_data-5mm_648mm_mn_9000rpm,Robot_tool_data-5mm_648mm_mn_9000rpm,5.0,648.0,9000.0,1,0,1.0,train
-0.0007273203124999999,0.13056874810507116,0.13057077382233168,0.268,0.000932328125,0.13218957166893813,0.13219285946581985,0.318,-0.0001655468749999997,0.13269237703182943,0.13269248029984593,0.379,-61.75791666406251,94.95561358699506,113.2722773778651,354.56,130.8323997890625,78.43408220017326,152.54186994116932,272.8,-21.3300822265625,62.998101040407086,66.5111505124461,212.25,-9.852381484375,11.07895292860878,14.826079013278743,48.987,-0.8856167031250002,36.39882687041583,36.40959920800227,122.19,-18.080231515625,9.442891306743027,20.397621623355075,39.711,-0.1547541796874999,81.98284173908608,81.98298779912918,458.77,-0.10093280468749997,53.69056290818779,53.690657779814295,451.34,-0.16178597656249993,59.81225711810154,59.81247592487792,488.23,data_002-5536052,METALLICADOUR-Detection_and_Diagnostics_of_Multi-axis_Robot_Faults/METALLICADOUR-Detection_and_diagnostics_of_multi-axis_robot_positioning_drifts/Data_with_combined_drifts/Drifts_axis_2_+0.12_axis_4_-0.04/Robot_tool_data-5mm_648mm_mn_9000rpm/data_002.csv,Robot_tool_data-5mm_648mm_mn_9000rpm,Robot_tool_data-5mm_648mm_mn_9000rpm,5.0,648.0,9000.0,1,0,1.0,train
-0.0005794375,0.13054774049771445,0.13054902641105753,0.293,0.0006477499999999999,0.13218533768184162,0.13218692476234178,0.33,-3.700781250000029e-05,0.1326983650666402,0.1326983702271339,0.384,-84.51443560937501,92.06655446364803,124.97575875816503,372.55,108.9519725390625,92.78341058465833,143.10588247823327,273.58,-20.844648890625002,64.30709509365833,67.60104930219833,203.84,-9.7038003046875,11.442679512308088,15.003288132094527,49.769,-0.16292872656249982,38.77003733580817,38.77037968333427,123.65,-15.441840375,11.024947784911268,18.973663532038298,38.932,-0.38727996875000004,83.99545778978836,83.9963506057871,494.99,-0.30114484374999995,58.25523728478535,58.25601564923199,429.9,2.6408153515625,70.24487627465709,70.2944987076722,501.29,data_006-6438845,METALLICADOUR-Detection_and_Diagnostics_of_Multi-axis_Robot_Faults/METALLICADOUR-Detection_and_diagnostics_of_multi-axis_robot_positioning_drifts/Data_with_combined_drifts/Drifts_axis_2_+0.12_axis_4_-0.04/Robot_tool_data-5mm_648mm_mn_9000rpm/data_006.csv,Robot_tool_data-5mm_648mm_mn_9000rpm,Robot_tool_data-5mm_648mm_mn_9000rpm,5.0,648.0,9000.0,1,0,1.0,train
-0.0007288906249999999,0.12872245305921493,0.12872451671350335,0.346,0.0008348046874999999,0.13012980940755361,0.13013248708647854,0.317,-4.078906249999989e-05,0.13098049520945812,0.13098050156058536,0.36,-51.43450953125001,80.60248187462278,95.61521246678868,362.36,19.107237390625,16.05667978368608,24.958034505496048,131.62,-7.260972343750001,55.141006585761005,55.61701472272348,299.61,-9.7576334609375,7.541730511543799,12.332441358739874,51.733,0.23876949218749974,31.49258465851672,31.493489793038847,134.68,-5.969328234374999,3.0344165783860446,6.696309695712305,26.459,0.04694222656249997,36.6986798850617,36.698709907554885,495.02,0.045986679687500004,21.300785623519317,21.300835264229335,380.26,0.033458679687500006,23.68378034330989,23.68380397726257,429.37,data_012-8026099,METALLICADOUR-Detection_and_Diagnostics_of_Multi-axis_Robot_Faults/METALLICADOUR-Detection_and_diagnostics_of_multi-axis_robot_positioning_drifts/Data_with_combined_drifts/Drifts_axis_2_+0.12_axis_4_-0.04/Robot_tool_data-5mm_648mm_mn_9000rpm/data_012.csv,Robot_tool_data-5mm_648mm_mn_9000rpm,Robot_tool_data-5mm_648mm_mn_9000rpm,5.0,648.0,9000.0,1,0,1.0,held_out
-0.0006315390624999999,0.1304357144486319,0.13043724332150117,0.28,0.0006861015625,0.13208753385760305,0.13208931575240102,0.311,-2.419531250000015e-05,0.13259349655488142,0.1325934987624299,0.384,44.8978721953125,80.39956537672785,92.08642158555924,323.44,182.50517884374997,34.3352243643224,185.70688715537054,288.0,-26.949469382812502,60.525947909824055,66.25454150771766,220.39,-10.2545183359375,12.39338739587787,16.085745162919338,48.484,-5.028429234375,29.93961726160452,30.358948966268322,118.97,-24.312256640625,5.5435683722708635,24.93625820482408,39.987,0.6836317031249999,90.12016578525186,90.12275868761895,495.02,0.2841850390625001,62.44813192018039,62.44877854255181,442.56,-1.5756886328125002,75.33995401907794,75.35642949519537,501.29,data_007-2080145,METALLICADOUR-Detection_and_Diagnostics_of_Multi-axis_Robot_Faults/METALLICADOUR-Detection_and_diagnostics_of_multi-axis_robot_positioning_drifts/Data_with_combined_drifts/Drifts_axis_2_+0.12_axis_4_-0.04/Robot_tool_data-5mm_648mm_mn_9000rpm/data_007.csv,Robot_tool_data-5mm_648mm_mn_9000rpm,Robot_tool_data-5mm_648mm_mn_9000rpm,5.0,648.0,9000.0,1,0,1.0,train
-0.0003674296875,0.1303580108302219,0.13035852865151362,0.288,0.0005349921875000001,0.13201398183732968,0.1320150658719962,0.344,-0.00012946093750000007,0.13252615572332566,0.13252621895661815,0.388,-145.482485953125,59.45732031242878,157.1633756885998,363.36,-13.831195453125002,51.83871668087112,53.65216225635433,190.14,-14.215019796875,66.82676332438949,68.32190779127524,206.67,-9.3343826171875,11.886414210586283,15.11348873125195,49.156,3.8292316796875,47.00291952330532,47.158641402939494,126.23,-1.2551592500000006,6.5436141834066035,6.662905621734456,24.415,0.029733773437499993,75.38347652259718,75.38348238659609,495.02,0.08825779687499997,47.31867297118954,47.31875527941425,375.61,0.08240203125000001,48.05426656307327,48.05433721330111,394.54,data_011-924370,METALLICADOUR-Detection_and_Diagnostics_of_Multi-axis_Robot_Faults/METALLICADOUR-Detection_and_diagnostics_of_multi-axis_robot_positioning_drifts/Data_with_combined_drifts/Drifts_axis_2_+0.12_axis_4_-0.04/Robot_tool_data-5mm_648mm_mn_9000rpm/data_011.csv,Robot_tool_data-5mm_648mm_mn_9000rpm,Robot_tool_data-5mm_648mm_mn_9000rpm,5.0,648.0,9000.0,1,0,1.0,train
-0.0005703281249999999,0.13038348992330218,0.13038473729217695,0.277,0.0006976249999999999,0.13197831743314647,0.13198016121040693,0.31,-3.946093749999993e-05,0.13251982439203921,0.1325198302672566,0.371,-134.8163845,55.506114948669904,145.7957006442467,343.29,-17.643319414062507,74.25152551124148,76.3189082776554,204.48,-14.4424678125,65.63650596048458,67.20666478271205,223.61,-9.6557576796875,11.394865418672731,14.935749538557074,63.679,3.561208546875,44.045285421502996,44.18901870573729,126.18,-1.0618533125000003,8.816015808843565,8.87973350946113,27.471,0.08971752343750003,70.64741373359388,70.64747070121904,438.75,0.12892570312499999,45.982429954258706,45.982610695079444,441.99,0.139154359375,46.63835573462126,46.63856333084042,428.29,data_005-9151245,METALLICADOUR-Detection_and_Diagnostics_of_Multi-axis_Robot_Faults/METALLICADOUR-Detection_and_diagnostics_of_multi-axis_robot_positioning_drifts/Data_with_combined_drifts/Drifts_axis_2_+0.12_axis_4_-0.04/Robot_tool_data-5mm_648mm_mn_9000rpm/data_005.csv,Robot_tool_data-5mm_648mm_mn_9000rpm,Robot_tool_data-5mm_648mm_mn_9000rpm,5.0,648.0,9000.0,1,0,1.0,train
-0.0005912421875,0.13023219769123234,0.13023353977686586,0.29,0.0006891953124999999,0.13186023668124416,0.13186203778120714,0.297,-3.975781250000007e-05,0.1323995838442434,0.13239958981361122,0.383,40.678241203125005,80.84600346637626,90.50301422530046,266.76,-129.498516703125,29.64237867498737,132.84779426780443,213.58,-18.7190853125,61.91950011925429,64.68715985383022,195.91,-11.4619894609375,12.892960017950683,17.2512498221757,43.206,-1.734408265625,35.52980713907084,35.57211502527559,119.43,9.877289578125001,5.1134599492101,11.122424288899992,24.472,-0.4331716796874999,67.23586221370516,67.23725756843768,494.99,-0.15910851562499995,43.8874853011869,43.887773714118154,432.64,-0.15543338281249994,49.7600672687141,49.76031002840964,481.75,data_004-9128470,METALLICADOUR-Detection_and_Diagnostics_of_Multi-axis_Robot_Faults/METALLICADOUR-Detection_and_diagnostics_of_multi-axis_robot_positioning_drifts/Data_with_combined_drifts/Drifts_axis_2_+0.12_axis_4_-0.04/Robot_tool_data-5mm_648mm_mn_9000rpm/data_004.csv,Robot_tool_data-5mm_648mm_mn_9000rpm,Robot_tool_data-5mm_648mm_mn_9000rpm,5.0,648.0,9000.0,1,0,1.0,train
-0.0006630625,0.13024963293372882,0.13025132065069436,0.282,0.0006057578124999999,0.13184622518879746,0.13184761673637677,0.312,7.078124999999998e-05,0.13242240554383028,0.13242242446051197,0.366,-4.870403414062498,66.7468021773836,66.92425890753286,249.41,-148.17573619531248,25.153968205624246,150.29561175733775,234.99,-15.5502848671875,59.62031628815094,61.61488029485926,181.24,-10.566624765624997,14.0474217855486,17.577929848495387,43.73,-0.12632975781250014,39.254669973164525,39.25487325046119,135.04,12.6184698046875,4.442167778079062,13.37754218010222,27.915,0.4873506640625,73.46841801409008,73.47003440970228,494.99,-2.7729815703125,48.159614790495716,48.23938145911727,420.16,0.49886201562499993,53.63362019646417,53.63594017717227,470.03,data_010-9138026,METALLICADOUR-Detection_and_Diagnostics_of_Multi-axis_Robot_Faults/METALLICADOUR-Detection_and_diagnostics_of_multi-axis_robot_positioning_drifts/Data_with_combined_drifts/Drifts_axis_2_+0.12_axis_4_-0.04/Robot_tool_data-5mm_648mm_mn_9000rpm/data_010.csv,Robot_tool_data-5mm_648mm_mn_9000rpm,Robot_tool_data-5mm_648mm_mn_9000rpm,5.0,648.0,9000.0,1,0,1.0,train
-0.0003406328125,0.12970241483719394,0.129702862132308,0.295,0.0011165234375,0.1313692342649184,0.1313739789149187,0.303,-0.00023163281250000004,0.13186429551693543,0.1318644989598698,0.354,49.1395987421875,80.47790568258422,94.2941857571193,244.77,-107.56751168750002,56.94747687480794,121.71189215950606,200.48,-22.0033627578125,74.04186456507789,77.24212374685995,182.26,-2.13509296875,14.81973244043269,14.97274495846432,32.871,-11.86975403125,34.707509216494444,36.68108854403617,109.5,9.1756677890625,7.936179795802257,12.131604556963563,25.319,-0.0024770625000000057,67.32666557312868,67.32666561869635,374.05,0.031022289062500014,32.92474489745818,32.924759512335356,191.95,0.026741859375000007,42.65494481349551,42.65495319619271,309.34,data_009-6204727,METALLICADOUR-Detection_and_Diagnostics_of_Multi-axis_Robot_Faults/METALLICADOUR-Detection_and_diagnostics_of_multi-axis_robot_positioning_drifts/Data_with_combined_drifts/Drifts_axis_1_+0.065_axis_4_-0.085/Robot_tool_data-5mm_648mm_mn_9000rpm/data_009.csv,Robot_tool_data-5mm_648mm_mn_9000rpm,Robot_tool_data-5mm_648mm_mn_9000rpm,5.0,648.0,9000.0,1,0,1.0,train
-0.0003706328124999997,0.1296394074023435,0.1296399372119275,0.284,0.0011410546875000001,0.13128724329504615,0.13129220181645404,0.304,-0.00027420312499999987,0.1318293666905111,0.13182965185941667,0.382,120.2253468203125,52.86398284131901,131.33443836218927,246.96,-4.6685663671875,21.023723795992687,21.535841617522713,119.35,-29.0849374140625,83.00855963888951,87.95654925986472,175.54,-1.2642686484374999,11.999903022460023,12.066318732897253,35.363,-16.6365615234375,33.628213613289475,37.51842121070859,89.55,-2.4930073671875,4.68220401339447,5.304537694832457,21.832,0.003377828124999999,59.31802745762162,59.31802755379577,259.83,0.02269267187500004,31.10655588472925,31.10656416204047,187.59,0.008800367187499965,40.33713759439113,40.33713855438069,199.55,data_008-3760018,METALLICADOUR-Detection_and_Diagnostics_of_Multi-axis_Robot_Faults/METALLICADOUR-Detection_and_diagnostics_of_multi-axis_robot_positioning_drifts/Data_with_combined_drifts/Drifts_axis_1_+0.065_axis_4_-0.085/Robot_tool_data-5mm_648mm_mn_9000rpm/data_008.csv,Robot_tool_data-5mm_648mm_mn_9000rpm,Robot_tool_data-5mm_648mm_mn_9000rpm,5.0,648.0,9000.0,1,0,1.0,train
-0.00034441406249999994,0.1297555614025505,0.12975601849601237,0.283,0.00123553125,0.13139761440720785,0.13140342312654948,0.342,-0.0004786171875000001,0.13191248286847354,0.1319133511474009,0.387,37.693333757812496,110.1486631095515,116.4195662017314,283.61,27.497553265624994,74.13678096617696,79.07197814411109,170.97,-27.7791487578125,77.03846040324602,81.8938672124548,228.78,-1.2675839999999998,12.108685882866414,12.174852894675336,32.907,-13.667149859375,36.71911969098335,39.1801574289764,103.11,-5.4335197109375,8.776152448189439,10.32201473758916,29.071,-0.004786562499999992,47.37205332584376,47.37205356766545,300.43,0.018372335937499984,26.816712338994385,26.816718632508,133.09,0.004777812500000031,32.04325655750084,32.043256913698904,191.73,data_000-2230628,METALLICADOUR-Detection_and_Diagnostics_of_Multi-axis_Robot_Faults/METALLICADOUR-Detection_and_diagnostics_of_multi-axis_robot_positioning_drifts/Data_with_combined_drifts/Drifts_axis_1_+0.065_axis_4_-0.085/Robot_tool_data-5mm_648mm_mn_9000rpm/data_000.csv,Robot_tool_data-5mm_648mm_mn_9000rpm,Robot_tool_data-5mm_648mm_mn_9000rpm,5.0,648.0,9000.0,1,0,1.0,train
-0.0004430234375,0.12986693329345358,0.12986768894845438,0.275,0.0007469140624999999,0.13153177112278136,0.13153389181238614,0.324,4.846093749999991e-05,0.132031822111092,0.1320318310046388,0.363,-80.6509484453125,91.87761818323503,122.25412961594702,276.18,-89.91490684375,66.09275585500991,111.59275446564703,193.02,-15.3789257421875,69.27202307418024,70.95861144197706,196.13,-2.1110207265625,12.914733901340654,13.086128543248154,31.938,-6.680306062500001,41.10691380056341,41.6461865156418,98.949,7.908610203124999,7.75668832542352,11.077559709734558,24.227,0.013214304687499982,61.769635573096465,61.76963698655669,347.13,0.0314393515625,36.29157187901995,36.291585496956436,200.12,0.021482937500000035,43.85528905589085,43.85529431770289,236.1,data_001-6845375,METALLICADOUR-Detection_and_Diagnostics_of_Multi-axis_Robot_Faults/METALLICADOUR-Detection_and_diagnostics_of_multi-axis_robot_positioning_drifts/Data_with_combined_drifts/Drifts_axis_1_+0.065_axis_4_-0.085/Robot_tool_data-5mm_648mm_mn_9000rpm/data_001.csv,Robot_tool_data-5mm_648mm_mn_9000rpm,Robot_tool_data-5mm_648mm_mn_9000rpm,5.0,648.0,9000.0,1,0,1.0,train
-0.000318640625,0.12975196855212678,0.1297523598051303,0.282,0.0007965156249999999,0.13142734572182507,0.13142975934172973,0.323,-4.292187500000014e-05,0.1319498747212844,0.13194988170229635,0.369,101.75387646093749,49.96438725235232,113.35912565087452,249.04,28.539124882812498,64.02907607712594,70.10138538122587,156.53,-29.702469070312503,75.56915764357474,81.1968857520553,170.39,-1.2442723046875,11.778741643398758,11.844279981077298,32.036,-16.342711351562503,32.951650750131044,36.781727820741395,103.13,-5.966407296875,7.816166581536502,9.833131549131805,24.775,0.014584929687500041,55.15563999471665,55.155641923079465,290.8,0.03461246093749999,31.693552748679117,31.693571648770636,161.24,0.026703906250000017,38.63779842866855,38.6378076566597,396.74,data_003-4674134,METALLICADOUR-Detection_and_Diagnostics_of_Multi-axis_Robot_Faults/METALLICADOUR-Detection_and_diagnostics_of_multi-axis_robot_positioning_drifts/Data_with_combined_drifts/Drifts_axis_1_+0.065_axis_4_-0.085/Robot_tool_data-5mm_648mm_mn_9000rpm/data_003.csv,Robot_tool_data-5mm_648mm_mn_9000rpm,Robot_tool_data-5mm_648mm_mn_9000rpm,5.0,648.0,9000.0,1,0,1.0,train
-0.0003782656249999998,0.1299144403280172,0.12991499101576,0.288,0.0012360468749999997,0.13158911530308195,0.1315949204115607,0.315,-0.00039265625000000005,0.1320919676984348,0.13209255130163472,0.384,-74.356934015625,87.67755623583035,114.96220032554702,276.21,90.300170109375,63.629177547176376,110.46625257114572,187.06,-23.3859730625,71.07576844293673,74.82425138839638,206.41,-0.4981125,12.702576512283098,12.712339128306109,31.467,-9.795709421875,37.93770674134877,39.18195395676931,120.22,-11.3713000078125,7.904281901419793,13.848614957633455,27.628,0.002130703124999954,68.89119879297068,68.89119882592043,345.6,0.020237203125000013,37.21351205594129,37.213517558571084,183.3,0.009156335937500027,46.41893062496588,46.41893152802941,229.3,data_002-8471216,METALLICADOUR-Detection_and_Diagnostics_of_Multi-axis_Robot_Faults/METALLICADOUR-Detection_and_diagnostics_of_multi-axis_robot_positioning_drifts/Data_with_combined_drifts/Drifts_axis_1_+0.065_axis_4_-0.085/Robot_tool_data-5mm_648mm_mn_9000rpm/data_002.csv,Robot_tool_data-5mm_648mm_mn_9000rpm,Robot_tool_data-5mm_648mm_mn_9000rpm,5.0,648.0,9000.0,1,0,1.0,train
-0.0002930468749999999,0.12982467184785815,0.12982500258761792,0.29,0.0010406328124999997,0.13149369197289293,0.1314978096597525,0.324,-0.0002808515624999998,0.13194962671257293,0.13194992560508512,0.374,-92.4064593359375,84.6424491953898,125.31280035494545,283.77,73.52338100781249,74.36281819027064,104.5730189103251,186.43,-23.9363493515625,72.09927890581149,75.96877542134031,208.3,-0.6613993671874999,12.837218824031185,12.854245845594232,30.592,-8.7446796328125,39.58640339417667,40.54075425503339,95.173,-9.361934796875001,8.935649715719917,12.941856859932596,28.63,-0.009833734374999901,76.04425016752313,76.04425080335247,408.46,0.023062382812500032,39.107521648385145,39.10752844852784,171.19,0.010422320312500006,49.755982061137296,49.755983152712155,262.03,data_006-7911813,METALLICADOUR-Detection_and_Diagnostics_of_Multi-axis_Robot_Faults/METALLICADOUR-Detection_and_diagnostics_of_multi-axis_robot_positioning_drifts/Data_with_combined_drifts/Drifts_axis_1_+0.065_axis_4_-0.085/Robot_tool_data-5mm_648mm_mn_9000rpm/data_006.csv,Robot_tool_data-5mm_648mm_mn_9000rpm,Robot_tool_data-5mm_648mm_mn_9000rpm,5.0,648.0,9000.0,1,0,1.0,held_out
-0.00026407031250000014,0.12831905290011517,0.12831932461758244,0.283,0.0011358671874999997,0.12980802761114146,0.12981299714035763,0.332,-0.0003394765624999998,0.13057106607026694,0.1305715073783806,0.383,-75.5359696015625,76.8126520412209,107.73052593046157,329.86,1.37013015625,20.244965037216584,20.291275613011308,161.28,-10.138108468750001,57.297648044570046,58.187642285656864,237.19,-1.0461553515625002,7.0723069670634136,7.149263378557022,34.674,-7.7496113671875,30.542927834151065,31.510742882778906,109.17,-1.9407063203125001,3.174775284418872,3.720959436524109,28.657,0.04166140625000001,46.58308433440419,46.58310296426145,495.02,0.03511240625,22.026512725122647,22.02654071140229,339.8,0.04110353906250002,29.875740900772133,29.8757691762236,467.26,data_012-5129950,METALLICADOUR-Detection_and_Diagnostics_of_Multi-axis_Robot_Faults/METALLICADOUR-Detection_and_diagnostics_of_multi-axis_robot_positioning_drifts/Data_with_combined_drifts/Drifts_axis_1_+0.065_axis_4_-0.085/Robot_tool_data-5mm_648mm_mn_9000rpm/data_012.csv,Robot_tool_data-5mm_648mm_mn_9000rpm,Robot_tool_data-5mm_648mm_mn_9000rpm,5.0,648.0,9000.0,1,0,1.0,train
-0.00027591406250000006,0.12978504309238648,0.12978533637920156,0.279,0.0009807656249999996,0.13145077841406577,0.1314544371517181,0.326,-0.000182875,0.13191211673348804,0.13191224349686043,0.378,17.570230289062497,62.77757576921294,65.19000699394012,204.76,129.2726972734375,27.94878630136941,132.25946059193433,187.37,-27.0022170390625,62.5580134036633,68.13680918591328,159.5,-0.3704283984374999,13.695470147166182,13.700478814635972,31.007,-14.492690757812499,29.162880971383206,32.565498797848136,101.34,-16.336611859375,4.9552822809339006,17.071605358829306,28.829,0.027450335937500035,68.55883163259006,68.55883712802292,415.43,0.026999335937499938,36.85766530635187,36.8576751952588,204.51,0.016733671874999963,44.0848531531722,44.08485632904491,241.72,data_007-1121155,METALLICADOUR-Detection_and_Diagnostics_of_Multi-axis_Robot_Faults/METALLICADOUR-Detection_and_diagnostics_of_multi-axis_robot_positioning_drifts/Data_with_combined_drifts/Drifts_axis_1_+0.065_axis_4_-0.085/Robot_tool_data-5mm_648mm_mn_9000rpm/data_007.csv,Robot_tool_data-5mm_648mm_mn_9000rpm,Robot_tool_data-5mm_648mm_mn_9000rpm,5.0,648.0,9000.0,1,0,1.0,held_out
-0.00023081249999999984,0.12981246391656637,0.12981266911399672,0.298,0.0009005546874999997,0.1314649338096183,0.13146801824136736,0.326,-0.00015689062500000018,0.13199530807601378,0.13199540131667467,0.38,-157.49623341406252,49.25856034802505,165.01960279668862,300.45,-27.2727106875,44.36639882466148,52.078576141375066,142.15,-17.287004359375,78.20854871952686,80.0963021152391,209.38,-0.8063468593750001,10.868523952471843,10.898394751663115,29.84,-4.411294453125,48.77056175996711,48.96965604468687,100.86,2.1621325703125,5.6466779227835975,6.046469119681156,21.569,0.009353921874999973,77.84567363770674,77.8456741996895,346.49,0.03937893750000001,39.09669768703977,39.09671751864215,208.7,0.018786281250000002,50.5920065441944,50.59201003214017,295.7,data_011-4448594,METALLICADOUR-Detection_and_Diagnostics_of_Multi-axis_Robot_Faults/METALLICADOUR-Detection_and_diagnostics_of_multi-axis_robot_positioning_drifts/Data_with_combined_drifts/Drifts_axis_1_+0.065_axis_4_-0.085/Robot_tool_data-5mm_648mm_mn_9000rpm/data_011.csv,Robot_tool_data-5mm_648mm_mn_9000rpm,Robot_tool_data-5mm_648mm_mn_9000rpm,5.0,648.0,9000.0,1,0,1.0,held_out
-0.0003570234374999998,0.1298146865302712,0.1298151774820167,0.273,0.0010813359375,0.13148574893701512,0.1314901953034427,0.325,-0.0002460312500000001,0.13197143494142594,0.13197166427637033,0.38,-147.238824109375,46.57428916251551,154.42938754040657,280.86,-31.585064648437502,62.77950713542373,70.27718566514096,159.23,-16.123494531250003,75.63228061744744,77.33181070746735,205.86,-1.0365438671875,10.513898512648064,10.564870331569015,34.284,-4.6568243671875,46.37611127347387,46.60933071860678,102.87,2.3895770703125,7.443457878339007,7.817617524640759,20.63,0.016607953124999984,65.90825058886703,65.90825268135244,418.08,0.03490774218750001,36.89542398319789,36.89544049676597,350.11,0.02466324999999999,45.53003871939679,45.53004539933682,297.66,data_005-9747574,METALLICADOUR-Detection_and_Diagnostics_of_Multi-axis_Robot_Faults/METALLICADOUR-Detection_and_diagnostics_of_multi-axis_robot_positioning_drifts/Data_with_combined_drifts/Drifts_axis_1_+0.065_axis_4_-0.085/Robot_tool_data-5mm_648mm_mn_9000rpm/data_005.csv,Robot_tool_data-5mm_648mm_mn_9000rpm,Robot_tool_data-5mm_648mm_mn_9000rpm,5.0,648.0,9000.0,1,0,1.0,train
-0.0002057656250000002,0.12976173395114435,0.1297618970942549,0.277,0.0010058203124999996,0.13137366545063917,0.13137751576444692,0.324,-0.00035028125,0.13185997932199103,0.13186044457588483,0.388,4.513954484375001,80.56436614957627,80.69072361907533,244.2,-134.78248138281248,24.296530995175274,136.954878358194,191.16,-19.6602511484375,65.858304197547,68.73020956607272,177.71,-2.5316735859375004,14.860301404709308,15.074413056054258,32.45,-9.747690679687501,34.15640430601102,35.52009893993195,108.29,12.325186617187502,5.484591874500608,13.490403002814109,24.928,0.0010644999999999928,63.37040702704685,63.370407035987625,336.26,0.013631226562500022,35.00298524124918,35.00298789545609,189.68,0.00025428124999999003,43.38433371840376,43.38433371914895,212.02,data_004-9924865,METALLICADOUR-Detection_and_Diagnostics_of_Multi-axis_Robot_Faults/METALLICADOUR-Detection_and_diagnostics_of_multi-axis_robot_positioning_drifts/Data_with_combined_drifts/Drifts_axis_1_+0.065_axis_4_-0.085/Robot_tool_data-5mm_648mm_mn_9000rpm/data_004.csv,Robot_tool_data-5mm_648mm_mn_9000rpm,Robot_tool_data-5mm_648mm_mn_9000rpm,5.0,648.0,9000.0,1,0,1.0,held_out
-0.0003888515624999999,0.12973361868806343,0.12973420144062822,0.291,0.0009256093749999999,0.13136282328358703,0.13136608425978907,0.319,4.74218750000005e-06,0.13188085171026215,0.13188085179552222,0.383,-37.797650757812505,62.170441228925064,72.75868446727709,263.57,-150.00592516406246,20.51818442920095,151.40268649068625,202.94,-18.9394868359375,59.93631981093167,62.85751024409835,176.7,-2.0762736953125005,16.290387954807276,16.4221695331639,31.746,-7.842009281250001,36.18174076922154,37.02182430213778,107.25,14.656155359375,5.109713676850662,15.521342202835786,26.13,0.02020832812500005,72.01170431622148,72.01170715170858,364.75,0.015315140625000032,38.405615301610666,38.40561835524646,200.7,0.009629906249999987,48.16000346212936,48.160004424910575,267.82,data_010-7152497,METALLICADOUR-Detection_and_Diagnostics_of_Multi-axis_Robot_Faults/METALLICADOUR-Detection_and_diagnostics_of_multi-axis_robot_positioning_drifts/Data_with_combined_drifts/Drifts_axis_1_+0.065_axis_4_-0.085/Robot_tool_data-5mm_648mm_mn_9000rpm/data_010.csv,Robot_tool_data-5mm_648mm_mn_9000rpm,Robot_tool_data-5mm_648mm_mn_9000rpm,5.0,648.0,9000.0,1,0,1.0,train
-0.0004931249999999997,0.1302906757489168,0.13029160893693423,0.284,0.0003979921874999999,0.13183252544907567,0.1318331262015071,0.326,0.00018392187500000003,0.1323684253593692,0.1323685531362151,0.35,-77.13245260156252,102.85277166600667,128.56168902014315,377.25,-142.5023991640625,74.5187867392614,160.81039563599526,289.51,33.4473278125,51.6289513758341,61.51643973739929,252.11,-3.189676265625,12.024005488199135,12.439885154603894,49.744,20.203411874999997,30.564432387967557,36.63826385883385,156.97,16.4254418984375,8.652374255439181,18.5649864480191,38.418,-6.229060625,172.58705143762774,172.69942536153465,495.02,1.3416967421875006,100.16602574622894,100.17501117515383,489.32,2.175214718749999,119.11244707590205,119.13230715251945,501.56,data_009-3136163,METALLICADOUR-Detection_and_Diagnostics_of_Multi-axis_Robot_Faults/METALLICADOUR-Detection_and_diagnostics_of_multi-axis_robot_positioning_drifts/Data_with_combined_drifts/Healthy_robot/Robot_tool_data-5mm_648mm_mn_9000rpm/data_009.csv,Robot_tool_data-5mm_648mm_mn_9000rpm,Robot_tool_data-5mm_648mm_mn_9000rpm,5.0,648.0,9000.0,0,0,,train
-0.0008943984375,0.13025814302711558,0.13026121361878024,0.278,0.0007012578125,0.1317826167938811,0.13178448259018397,0.321,0.0003580546874999999,0.1323231628023917,0.1323236472335444,0.374,54.099528656249994,76.683164421451,93.8459733100771,399.93,-192.3659229296875,32.49731765150692,195.0915783911069,275.09,27.090899359375,46.50225869850332,53.817997846095246,246.87,-4.8971768828125,11.089310346422232,12.12250573853526,45.348,15.336707062500002,29.548290947337644,33.2913814887495,139.46,20.645989671875,5.538714849026878,21.37602048347634,39.169,4.6531758984375005,188.3829322162744,188.44039162648554,495.02,2.9682279531250013,107.48805452921592,107.52902977176632,489.32,-0.9209661015625001,116.49878862506233,116.50242885737266,501.56,data_008-2020039,METALLICADOUR-Detection_and_Diagnostics_of_Multi-axis_Robot_Faults/METALLICADOUR-Detection_and_diagnostics_of_multi-axis_robot_positioning_drifts/Data_with_combined_drifts/Healthy_robot/Robot_tool_data-5mm_648mm_mn_9000rpm/data_008.csv,Robot_tool_data-5mm_648mm_mn_9000rpm,Robot_tool_data-5mm_648mm_mn_9000rpm,5.0,648.0,9000.0,0,0,,held_out
-0.00046208593749999993,0.13052416179590606,0.13052497973927252,0.299,0.0007029687499999999,0.13204589859187799,0.13204776976533908,0.32,-0.00016296875000000003,0.13252620143272242,0.13252630163480758,0.349,-164.1007645859375,54.847999985670434,173.02417183768682,361.72,-27.774424773437506,90.43837759419877,94.6071816162294,236.7,22.467764453124996,46.54183321057773,51.681163668423174,213.68,-2.9439223046875,8.816937266478543,9.295432281344137,42.483,21.762068546875,25.605991311166527,33.604380941574,128.21,4.0340053671875005,10.0754092973605,10.852975251599716,31.931,0.6406198281250004,156.9101624376565,156.91147016702104,495.02,0.22379170312499896,91.65575293254308,91.65602614317166,489.32,-0.4626346328125,91.75545651221682,91.75662281584249,488.85,data_000-7069774,METALLICADOUR-Detection_and_Diagnostics_of_Multi-axis_Robot_Faults/METALLICADOUR-Detection_and_diagnostics_of_multi-axis_robot_positioning_drifts/Data_with_combined_drifts/Healthy_robot/Robot_tool_data-5mm_648mm_mn_9000rpm/data_000.csv,Robot_tool_data-5mm_648mm_mn_9000rpm,Robot_tool_data-5mm_648mm_mn_9000rpm,5.0,648.0,9000.0,0,0,,train
-0.0007443671875,0.13027676921530437,0.13027889575709298,0.28,0.0008068984375,0.13184886317143224,0.1318513322067225,0.318,0.00012275781250000012,0.13237799896586658,0.1323780558842269,0.352,83.6112395625,98.20247469343235,128.97505734479046,361.84,182.281645109375,40.10682372373309,186.6417837810889,277.04,0.8354762265625,48.45353261625188,48.46073506994437,206.68,-2.104744375,11.495004121591512,11.68610579446806,43.934,9.942757210937499,26.513231796815834,28.31624765514202,119.74,-19.6995338359375,5.779914164957557,20.52995472736176,38.009,-0.13387520312499998,142.38617699333284,142.38623992980052,495.02,-0.2012732578125,85.09937343376554,85.09961145471694,448.62,4.77100346875,98.43428971442147,98.5498445746186,501.56,data_001-872162,METALLICADOUR-Detection_and_Diagnostics_of_Multi-axis_Robot_Faults/METALLICADOUR-Detection_and_diagnostics_of_multi-axis_robot_positioning_drifts/Data_with_combined_drifts/Healthy_robot/Robot_tool_data-5mm_648mm_mn_9000rpm/data_001.csv,Robot_tool_data-5mm_648mm_mn_9000rpm,Robot_tool_data-5mm_648mm_mn_9000rpm,5.0,648.0,9000.0,0,0,,train
-0.0006886640624999999,0.1303712175251751,0.13037303638861641,0.285,0.0006269765624999999,0.13188753584523283,0.13188902612021025,0.322,0.0002089062500000001,0.13242850140048673,0.13242866617541688,0.359,-59.018647453125,94.41665207439927,111.3449816387538,354.24,-166.9182649609375,42.42921442611771,172.22643645615852,261.61,26.399859539062497,47.373932054404904,54.2332188052452,212.41,-4.1236038984375,10.731468319561493,11.496456906584783,44.693,19.063441132812503,27.455937171885697,33.425189211293066,136.34,18.564658226562504,5.604979109877884,19.392326469282693,37.589,0.2964040468749995,159.62969812403028,159.62997330867424,495.02,0.3477797031250006,87.37517445321069,87.37586658483512,460.95,2.9958465156249994,99.94566395178246,99.99055374938081,501.56,data_003-9801207,METALLICADOUR-Detection_and_Diagnostics_of_Multi-axis_Robot_Faults/METALLICADOUR-Detection_and_diagnostics_of_multi-axis_robot_positioning_drifts/Data_with_combined_drifts/Healthy_robot/Robot_tool_data-5mm_648mm_mn_9000rpm/data_003.csv,Robot_tool_data-5mm_648mm_mn_9000rpm,Robot_tool_data-5mm_648mm_mn_9000rpm,5.0,648.0,9000.0,0,0,,held_out
-0.000766953125,0.13021006742147112,0.1302123261254479,0.273,0.0006296718749999999,0.13174962006901514,0.1317511247580073,0.323,0.00027623437500000006,0.13228438349421698,0.13228467190825627,0.322,185.73448472656253,65.68919069429383,197.0085495371025,430.44,-60.757062171875006,85.90943620167344,105.22286743976561,229.78,6.640565140625,41.76663074226942,42.291234895046145,217.7,-5.03353840625,9.541455101929387,10.787765030316898,38.107,8.90875925,25.84943659763192,27.341531847894938,116.5,5.4853366015625,10.136062831467513,11.525132856323108,30.889,2.6991731171874993,146.7836544737021,146.80846963364107,495.02,0.2905623125,73.57586986342913,73.5764435985982,459.83,-3.507711281249999,98.9240806464136,98.98625040969453,501.56,data_002-6791695,METALLICADOUR-Detection_and_Diagnostics_of_Multi-axis_Robot_Faults/METALLICADOUR-Detection_and_diagnostics_of_multi-axis_robot_positioning_drifts/Data_with_combined_drifts/Healthy_robot/Robot_tool_data-5mm_648mm_mn_9000rpm/data_002.csv,Robot_tool_data-5mm_648mm_mn_9000rpm,Robot_tool_data-5mm_648mm_mn_9000rpm,5.0,648.0,9000.0,0,0,,train
-0.0006825312499999998,0.1301348785077151,0.1301366683649347,0.289,0.00077784375,0.13164662360264157,0.13164892155606517,0.304,5.253906250000018e-05,0.132208624957241,0.13220863539662414,0.341,158.6760506796875,94.30366363929488,184.5840459928648,426.36,113.13963984374999,83.98921808819611,140.90694397026726,287.69,7.048606960937501,48.61655389099266,49.12486307691422,228.76,-3.731186265625,12.666204040553971,13.20433549050214,43.939,8.851184046875,29.76181534299868,31.050106465878763,123.94,-13.05318009375,9.852306226145132,16.354004052023754,39.951,-2.777886640624999,151.26733097587413,151.29283550371053,495.02,1.8022240312499995,111.29005349631765,111.30464509027493,489.32,7.295282531250001,139.42349914137094,139.61423014877326,501.56,data_006-3930958,METALLICADOUR-Detection_and_Diagnostics_of_Multi-axis_Robot_Faults/METALLICADOUR-Detection_and_diagnostics_of_multi-axis_robot_positioning_drifts/Data_with_combined_drifts/Healthy_robot/Robot_tool_data-5mm_648mm_mn_9000rpm/data_006.csv,Robot_tool_data-5mm_648mm_mn_9000rpm,Robot_tool_data-5mm_648mm_mn_9000rpm,5.0,648.0,9000.0,0,0,,train
-0.0006374921874999999,0.13002527699796826,0.13002683974736715,0.268,0.0006651796875,0.13154723627625492,0.13154891803408153,0.32,0.00013154687499999996,0.13211710262034465,0.1321171681098827,0.355,209.54164466406252,66.38633760350781,219.80638450447054,422.84,-15.2054638359375,58.55622247151014,60.49824229346662,191.04,12.609121437500002,44.33276073980223,46.09103620269533,223.73,-4.3360838359375,11.16593529473242,11.978302635950959,43.285,8.860309328125,30.419022807570396,31.683150568678407,131.19,0.6922524296874999,7.712272618712953,7.743278528618083,27.756,1.4897238125000003,147.14297224071592,147.15051327423097,495.02,-2.8519207265625,87.00784990084787,87.0545771122867,489.2,-9.448166874999998,127.49892135987274,127.8485150685328,501.56,data_007-516906,METALLICADOUR-Detection_and_Diagnostics_of_Multi-axis_Robot_Faults/METALLICADOUR-Detection_and_diagnostics_of_multi-axis_robot_positioning_drifts/Data_with_combined_drifts/Healthy_robot/Robot_tool_data-5mm_648mm_mn_9000rpm/data_007.csv,Robot_tool_data-5mm_648mm_mn_9000rpm,Robot_tool_data-5mm_648mm_mn_9000rpm,5.0,648.0,9000.0,0,0,,train
-0.00045181250000000007,0.1302482621279065,0.1302490457618596,0.293,0.0005918906250000002,0.1317540321721238,0.13175536166746687,0.329,-4.482031250000013e-05,0.13225991544427618,0.13225992303864198,0.344,-4.957403390625001,76.2859917884666,76.44689916227718,392.67,201.9950711015625,54.49714152029213,209.21746385808248,290.93,12.895569250000001,57.8096830516956,59.230525582836485,254.81,-1.8386117734374998,12.376377257607805,12.512202335162852,36.759,14.032720015625,31.95220146390346,34.89785680277224,144.6,-21.35680525,7.663069606689154,22.689992646173128,40.828,5.4251811171875,168.8471564385433,168.9342914494751,495.02,-2.0581211640624995,97.56745871547125,97.58916365519866,489.2,-4.052390999999997,129.20422746392245,129.2677619028267,501.56,data_005-8598479,METALLICADOUR-Detection_and_Diagnostics_of_Multi-axis_Robot_Faults/METALLICADOUR-Detection_and_diagnostics_of_multi-axis_robot_positioning_drifts/Data_with_combined_drifts/Healthy_robot/Robot_tool_data-5mm_648mm_mn_9000rpm/data_005.csv,Robot_tool_data-5mm_648mm_mn_9000rpm,Robot_tool_data-5mm_648mm_mn_9000rpm,5.0,648.0,9000.0,0,0,,held_out
-0.0005272578125000001,0.1304818334726588,0.13048289875377347,0.275,0.0004158359374999999,0.13206476971844378,0.1320654243937924,0.33,0.00023862499999999996,0.13256568446899963,0.13256589923741702,0.334,-185.77724926562502,51.85238377584328,192.87782673998456,395.71,9.323933289062499,42.12657011206335,43.14607330204542,143.66,25.742643796874997,52.884082333823024,58.816748243534846,232.26,-2.4821857578125,10.17869795322881,10.476981347666491,53.177,22.3245828125,29.41949474166431,36.930931055241274,138.24,0.1872791015625001,6.038963234378285,6.041866467247905,23.713,-1.909817296875001,162.83245491626226,162.84365439329846,495.02,3.66128003125,97.4737577610167,97.5424954751548,489.32,5.6296722656250004,114.65696502600368,114.79509065631935,501.56,data_004-3038086,METALLICADOUR-Detection_and_Diagnostics_of_Multi-axis_Robot_Faults/METALLICADOUR-Detection_and_diagnostics_of_multi-axis_robot_positioning_drifts/Data_with_combined_drifts/Healthy_robot/Robot_tool_data-5mm_648mm_mn_9000rpm/data_004.csv,Robot_tool_data-5mm_648mm_mn_9000rpm,Robot_tool_data-5mm_648mm_mn_9000rpm,5.0,648.0,9000.0,0,0,,train
-0.0006667109375,0.130073397986342,0.13007510663915484,0.299,0.000880171875,0.13154713093353826,0.13155007548220943,0.33,-6.366406250000012e-05,0.1321558700988142,0.13215588543340587,0.342,-177.05869545312498,69.7801031006407,190.31301695968807,386.45,-3.7068886171875004,21.902532711735255,22.21400374558506,103.03,30.5512435859375,55.59234320331312,63.4341162741489,231.49,-2.4637091328125,10.656988232333354,10.938064768284896,45.251,22.401475148437502,30.847712238403282,38.1235811430327,166.13,1.6216062812499998,4.912923985655517,5.173628225937649,19.274,5.765676742187499,174.3387571059932,174.43407137815106,495.02,1.6692365937500009,102.67881038938057,102.69237777841296,489.32,-0.45638927343749763,124.59297345374604,124.5938093374417,501.56,data_010-8390571,METALLICADOUR-Detection_and_Diagnostics_of_Multi-axis_Robot_Faults/METALLICADOUR-Detection_and_diagnostics_of_multi-axis_robot_positioning_drifts/Data_with_combined_drifts/Healthy_robot/Robot_tool_data-5mm_648mm_mn_9000rpm/data_010.csv,Robot_tool_data-5mm_648mm_mn_9000rpm,Robot_tool_data-5mm_648mm_mn_9000rpm,5.0,648.0,9000.0,0,0,,train
-0.0006528515625,0.13108075336228747,0.1310823791254473,0.284,0.0008508203124999998,0.1326753473713498,0.1326780754130557,0.327,-0.00010086718749999995,0.1332668696141242,0.13326690778635744,0.366,118.38382285937502,82.78256958229555,144.4565102079082,378.13,-110.77234871875,75.36373780539641,133.9783796613054,238.79,-23.6328483984375,41.913023905551384,48.11666131737375,211.93,-2.9875774296875,8.95402788024953,9.439292038000735,40.639,-4.461947164062501,23.516424256573394,23.935980913888592,119.0,8.517832359375,9.144976119620425,12.497361974866687,33.017,0.05353723437499997,120.12807731488546,120.12808924479971,495.02,0.325215140625,62.76824892269189,62.76909142013052,481.21,-7.1365838203125,72.76932328897385,73.1184329739057,501.29,data_009-7521237,METALLICADOUR-Detection_and_Diagnostics_of_Multi-axis_Robot_Faults/METALLICADOUR-Detection_and_diagnostics_of_multi-axis_robot_positioning_drifts/Data_with_combined_drifts/Drifts_axis_4_-0.04_axe_6_+0.155/Robot_tool_data-5mm_648mm_mn_9000rpm/data_009.csv,Robot_tool_data-5mm_648mm_mn_9000rpm,Robot_tool_data-5mm_648mm_mn_9000rpm,5.0,648.0,9000.0,1,0,1.0,train
-0.00042567968749999984,0.1311154746001255,0.13111616560444597,0.277,0.000695625,0.13269893508044583,0.13270075834608105,0.337,-0.0001724765624999999,0.1332513633617791,0.13325147498597342,0.36,194.24724357031252,38.84814694181464,198.09384179089753,385.73,21.632369453125,24.77154191103904,32.887515819940845,182.15,-39.7359140234375,33.34612486410467,51.87395210248084,203.24,-2.5774777812500003,9.451629843085765,9.796769794352977,43.944,-9.4917290078125,19.285969579073438,21.495151596643726,107.2,-6.4300815703125,4.530437721135616,7.865800337280431,30.505,0.03935153906249989,107.97386633075814,107.97387350167658,495.02,-0.8599345703125002,57.88575727793449,57.89214439891793,445.66,5.46136890625,79.06043845691697,79.24884528704573,501.56,data_008-668955,METALLICADOUR-Detection_and_Diagnostics_of_Multi-axis_Robot_Faults/METALLICADOUR-Detection_and_diagnostics_of_multi-axis_robot_positioning_drifts/Data_with_combined_drifts/Drifts_axis_4_-0.04_axe_6_+0.155/Robot_tool_data-5mm_648mm_mn_9000rpm/data_008.csv,Robot_tool_data-5mm_648mm_mn_9000rpm,Robot_tool_data-5mm_648mm_mn_9000rpm,5.0,648.0,9000.0,1,0,1.0,train
-0.0006366328124999999,0.1313498714201866,0.1313514142422437,0.347,0.0008905859374999998,0.13294986692171012,0.13295284975438662,0.333,-0.0002154453125000001,0.1335118714192855,0.13351204524896806,0.375,79.4866380625,151.73931422142292,171.29782576222792,345.57,56.856870546875,94.8975900496668,110.62665287180444,237.02,-36.75963140625,34.33125204451201,50.29816465903276,167.57,-2.52144315625,7.982965549106542,8.371703204750027,44.732,-6.404924867187499,19.420717656318498,20.449629259249612,99.416,-9.926560734375,10.412649390112254,14.386100073843524,36.084,0.21328644531249996,130.95248744095463,130.9526611340187,495.02,1.475231203125,66.980518308663,66.99676216056872,461.73,-1.0235083046874998,71.60043095266143,71.6077459626862,501.29,data_000-2814996,METALLICADOUR-Detection_and_Diagnostics_of_Multi-axis_Robot_Faults/METALLICADOUR-Detection_and_diagnostics_of_multi-axis_robot_positioning_drifts/Data_with_combined_drifts/Drifts_axis_4_-0.04_axe_6_+0.155/Robot_tool_data-5mm_648mm_mn_9000rpm/data_000.csv,Robot_tool_data-5mm_648mm_mn_9000rpm,Robot_tool_data-5mm_648mm_mn_9000rpm,5.0,648.0,9000.0,1,0,1.0,train
-0.0005328046874999999,0.13135790267710382,0.13135898323511225,0.301,0.0006491484374999999,0.1329763858444182,0.1329779703031201,0.32,-0.00010132031249999998,0.1334790563796687,0.13347909483440656,0.381,-51.100877335937504,115.44878814691594,126.25261323669308,325.95,-111.5120156328125,73.62327439801135,133.62378591993826,229.27,-13.922933,36.68255386078427,39.235925133375254,189.9,-2.7667481953124997,7.351580119919949,7.854974591675468,40.153,1.8510426015624997,20.3576209496558,20.441601929463946,91.864,9.244271781250001,7.829979225031943,12.114666129532702,28.203,-0.34874670312500006,127.19423394745723,127.19471205102602,495.02,5.655948890624999,75.38707692584008,75.59894923394035,489.32,-0.3858154765625013,89.78054511810065,89.78137410000618,501.56,data_001-3680717,METALLICADOUR-Detection_and_Diagnostics_of_Multi-axis_Robot_Faults/METALLICADOUR-Detection_and_diagnostics_of_multi-axis_robot_positioning_drifts/Data_with_combined_drifts/Drifts_axis_4_-0.04_axe_6_+0.155/Robot_tool_data-5mm_648mm_mn_9000rpm/data_001.csv,Robot_tool_data-5mm_648mm_mn_9000rpm,Robot_tool_data-5mm_648mm_mn_9000rpm,5.0,648.0,9000.0,1,0,1.0,held_out
-0.0005704296874999999,0.13123052328930232,0.1312317630484804,0.415,0.0007122109374999998,0.1328152314929203,0.13281714106596898,0.327,-5.055468749999995e-05,0.1333533991370714,0.1333534087197905,0.371,169.117526515625,47.91758135438912,175.77494809448137,392.15,63.89762763281251,79.01573926593056,101.6188657132281,227.54,-40.406290703125,33.74314915292424,52.64283847915058,211.06,-2.6660206406249998,8.967504433079938,9.355415640875977,45.375,-9.502306343749998,19.216665000979546,21.437678036819747,115.77,-11.180416374999998,8.971630140254472,14.33498718841041,34.647,0.1804399921874999,111.06956795579943,111.06971452416148,495.02,0.580767515625,74.65430905236764,74.65656803653397,489.2,-1.011095953125,70.0268645363339,70.0341636047471,501.29,data_003-5293473,METALLICADOUR-Detection_and_Diagnostics_of_Multi-axis_Robot_Faults/METALLICADOUR-Detection_and_diagnostics_of_multi-axis_robot_positioning_drifts/Data_with_combined_drifts/Drifts_axis_4_-0.04_axe_6_+0.155/Robot_tool_data-5mm_648mm_mn_9000rpm/data_003.csv,Robot_tool_data-5mm_648mm_mn_9000rpm,Robot_tool_data-5mm_648mm_mn_9000rpm,5.0,648.0,9000.0,1,0,1.0,train
-0.0005734296875,0.13157192127295245,0.13157317085584927,0.285,0.0006729374999999997,0.13320639148796912,0.13320809126372543,0.319,-1.1367187499999987e-05,0.13372992946550727,0.13372992994861882,0.375,-73.16102425,104.79817236829915,127.80920311560052,368.88,119.65723654687501,90.37911038033018,149.95411915374217,252.31,-27.119255773437498,40.46383138106692,48.71114537496054,193.32,-1.12126071875,7.678840827896249,7.7602720351530285,33.186,-0.8488566249999999,21.41246247899091,21.429281532146614,103.92,-15.628010976562498,10.4171830185687,18.781704638448396,38.697,0.15992652343749977,130.56936288057196,130.56946082270304,495.02,-7.033774140625,72.60498954333725,72.94490033751117,489.2,1.6916052343750008,75.8888293799188,75.90768046069772,488.92,data_002-1112484,METALLICADOUR-Detection_and_Diagnostics_of_Multi-axis_Robot_Faults/METALLICADOUR-Detection_and_diagnostics_of_multi-axis_robot_positioning_drifts/Data_with_combined_drifts/Drifts_axis_4_-0.04_axe_6_+0.155/Robot_tool_data-5mm_648mm_mn_9000rpm/data_002.csv,Robot_tool_data-5mm_648mm_mn_9000rpm,Robot_tool_data-5mm_648mm_mn_9000rpm,5.0,648.0,9000.0,1,0,1.0,train
-0.0005595859375000001,0.13136884629789913,0.13137003811395695,0.294,0.0005927421875000001,0.13298174672257337,0.13298306773678933,0.318,5.1382812500000125e-05,0.13352964859954916,0.13352965848571807,0.367,-94.7758588515625,96.09379475213605,134.9684437597061,347.69,91.65571417187502,103.41810167827974,138.188544008161,252.04,-24.124794500000004,41.86304592734341,48.316874112281866,205.51,-1.1294626484374999,8.357793681462933,8.433765534808114,43.21,0.2507152265625,22.12179551183641,22.123216194584728,106.59,-12.4908597734375,11.80519689103664,17.186746391211464,37.459,-0.29836714062500014,132.59719992470963,132.59753561369087,495.02,-0.17197537500000043,76.56508181072137,76.56527495028057,470.51,0.2947868984374999,77.37900342640711,77.37956494178171,491.75,data_006-8355891,METALLICADOUR-Detection_and_Diagnostics_of_Multi-axis_Robot_Faults/METALLICADOUR-Detection_and_diagnostics_of_multi-axis_robot_positioning_drifts/Data_with_combined_drifts/Drifts_axis_4_-0.04_axe_6_+0.155/Robot_tool_data-5mm_648mm_mn_9000rpm/data_006.csv,Robot_tool_data-5mm_648mm_mn_9000rpm,Robot_tool_data-5mm_648mm_mn_9000rpm,5.0,648.0,9000.0,1,0,1.0,train
-0.00042365625,0.13133045504235427,0.13133113837262664,0.286,0.0005250859374999998,0.13296019010194646,0.13296122693171683,0.342,-3.805468750000013e-05,0.13349309414592672,0.1334930995700246,0.369,50.369414875,81.18292481546528,95.53923401641526,308.59,182.85773226562497,31.690125212327423,185.58344291800384,265.63,-33.993859531249996,42.906266734855656,54.74057189099267,217.97,-1.583485609375,9.816901177048363,9.943790796020965,39.735,-6.045981820312501,23.449579483181285,24.216454614777653,100.01,-23.276542023437496,4.6225498812275845,23.731105662680132,41.42,0.2817152031249999,126.91364857875894,126.91396124551622,495.02,1.12915853125,77.5740950041697,77.58231251196783,471.97,1.6127756640625022,105.75110373938254,105.76340098276077,501.56,data_007-7543880,METALLICADOUR-Detection_and_Diagnostics_of_Multi-axis_Robot_Faults/METALLICADOUR-Detection_and_diagnostics_of_multi-axis_robot_positioning_drifts/Data_with_combined_drifts/Drifts_axis_4_-0.04_axe_6_+0.155/Robot_tool_data-5mm_648mm_mn_9000rpm/data_007.csv,Robot_tool_data-5mm_648mm_mn_9000rpm,Robot_tool_data-5mm_648mm_mn_9000rpm,5.0,648.0,9000.0,1,0,1.0,train
-0.0006145703124999998,0.1311423301174853,0.13114377013534612,0.293,0.0006636796875,0.13273558598614352,0.13273724517938626,0.353,4.510937500000005e-05,0.13329934990049383,0.13329935753314792,0.377,-153.017811265625,41.77581033866954,158.61799675312673,303.25,-44.35284031250001,52.12354049724932,68.4400315440789,210.05,-13.622953085937501,36.86060947912665,39.297447524671824,147.46,-0.8539056718750001,8.158528696898593,8.203093647800086,46.885,5.03485340625,19.582933461609045,20.219817797997944,93.883,3.1624123203125003,6.223455867807424,6.980849133322603,31.494,0.11826483593750008,120.50727557471625,120.50733360676446,495.02,1.5898791640625,74.83360490710895,74.85049190987057,489.2,-0.1476615781249999,65.63869446891172,65.63886055931195,501.29,data_011-1622235,METALLICADOUR-Detection_and_Diagnostics_of_Multi-axis_Robot_Faults/METALLICADOUR-Detection_and_diagnostics_of_multi-axis_robot_positioning_drifts/Data_with_combined_drifts/Drifts_axis_4_-0.04_axe_6_+0.155/Robot_tool_data-5mm_648mm_mn_9000rpm/data_011.csv,Robot_tool_data-5mm_648mm_mn_9000rpm,Robot_tool_data-5mm_648mm_mn_9000rpm,5.0,648.0,9000.0,1,0,1.0,train
-0.0006063984375,0.13129030550652815,0.13129170590354325,0.281,0.0006406562499999997,0.13286684428242185,0.13286838882894605,0.324,7.805468750000005e-05,0.1334068156510501,0.13340683848546706,0.369,-147.82678729687498,45.20438622478801,154.5839434626874,315.4,-48.95770042187501,75.58558599462363,90.05574518457277,222.26,-13.668770765624998,37.16067294489395,39.59483435955476,147.46,-1.238283640625,7.719132846367922,7.817823116092844,51.878,4.805340375,19.74729997897429,20.32356151316012,86.65,3.4086784062499995,8.461780728393142,9.12254468734687,29.391,0.288722859374999,131.3341729408961,131.3344903022764,495.02,0.22441056249999966,70.50224933161022,70.50260648314425,472.46,-0.6736605156250001,68.52131204527002,68.52462347868523,501.29,data_005-6902078,METALLICADOUR-Detection_and_Diagnostics_of_Multi-axis_Robot_Faults/METALLICADOUR-Detection_and_diagnostics_of_multi-axis_robot_positioning_drifts/Data_with_combined_drifts/Drifts_axis_4_-0.04_axe_6_+0.155/Robot_tool_data-5mm_648mm_mn_9000rpm/data_005.csv,Robot_tool_data-5mm_648mm_mn_9000rpm,Robot_tool_data-5mm_648mm_mn_9000rpm,5.0,648.0,9000.0,1,0,1.0,held_out
-0.0006528046875,0.13119493729790976,0.13119656141287583,0.308,0.0007483203125,0.1328112709689859,0.13281337914414912,0.328,3.4640625000000064e-05,0.1333121016872703,0.13331210618788528,0.369,64.54573596093749,87.03041003404766,108.35333082759165,322.03,-154.09584545312498,35.336931791540785,158.09563034553926,242.63,-19.3505768359375,39.7763876587716,44.23353749209302,221.99,-3.385005703125,7.729381680317641,8.438104335110982,43.647,-2.3413423671875004,22.266210395247267,22.388970709834,132.17,13.29767778125,5.215375670234607,14.283850242691043,32.921,-0.0991596953125001,120.99441559432464,120.99445622695826,495.02,-0.317481265625,61.43627828691369,61.43709859768058,449.6,0.3696671562500005,66.14786445952731,66.14889739339883,501.29,data_004-4740006,METALLICADOUR-Detection_and_Diagnostics_of_Multi-axis_Robot_Faults/METALLICADOUR-Detection_and_diagnostics_of_multi-axis_robot_positioning_drifts/Data_with_combined_drifts/Drifts_axis_4_-0.04_axe_6_+0.155/Robot_tool_data-5mm_648mm_mn_9000rpm/data_004.csv,Robot_tool_data-5mm_648mm_mn_9000rpm,Robot_tool_data-5mm_648mm_mn_9000rpm,5.0,648.0,9000.0,1,0,1.0,held_out
-0.0007539999999999998,0.13102253545287543,0.13102470497009333,0.276,0.0007934609374999997,0.13265576335973178,0.13265813632345547,0.34,1.5789062499999978e-05,0.13319640165848326,0.13319640259429869,0.37,7.658672554687502,66.80795204471245,67.24550335679349,281.4,-179.4563585,22.204649923654987,180.82486301477624,257.81,-16.609891171875,44.58358965735161,47.57714736590079,221.65,-2.3285120703125,8.747556226344443,9.052165950458953,44.369,-0.3536722187499998,25.282977966403354,25.28545152628193,120.67,16.880060296874998,3.7357340689475653,17.28849746681392,34.639,0.030193664062500035,122.22595887489203,122.2259626042853,495.02,-0.07656988281249898,77.9791472622745,77.97918485530894,489.2,0.7128908515625001,67.88318490006323,67.88692809033573,501.29,data_010-7572593,METALLICADOUR-Detection_and_Diagnostics_of_Multi-axis_Robot_Faults/METALLICADOUR-Detection_and_diagnostics_of_multi-axis_robot_positioning_drifts/Data_with_combined_drifts/Drifts_axis_4_-0.04_axe_6_+0.155/Robot_tool_data-5mm_648mm_mn_9000rpm/data_010.csv,Robot_tool_data-5mm_648mm_mn_9000rpm,Robot_tool_data-5mm_648mm_mn_9000rpm,5.0,648.0,9000.0,1,0,1.0,train
-0.0006655703125000001,0.12784319940202774,0.1278449319182716,0.253,0.0007413593749999998,0.12905704956540381,0.1290591788918944,0.303,3.736718749999984e-05,0.13013360527120119,0.1301336106360978,0.347,-12.333572359375001,20.214832339264955,23.680296739030346,90.352,-0.9182772187499999,6.812386465499564,6.873997556429365,30.539,-25.562203984375,15.292781576164142,29.787504777591938,69.956,-4.3426576484375,3.303559509679025,5.456388996902937,17.194,-13.9962417265625,10.744694894901091,17.644921389818737,51.704,-3.5309373828124997,1.5752923402328456,3.866402043054894,8.972,-0.025174320312499995,5.543332209831713,5.543389372483313,44.738,0.005585374999999997,4.1819855050123005,4.181989234867406,33.748,-0.008940562500000002,4.0916997126708,4.091709480440678,41.495,data_008-6358434,METALLICADOUR-Detection_and_Diagnostics_of_Multi-axis_Robot_Faults/METALLICADOUR-Detection_and_diagnostics_of_multi-axis_robot_positioning_drifts/Data_with_combined_drifts/Drifts_axis_5_+0.04-axis_4_-0.04/Robot_tool_data-5mm_648mm_mn_9000rpm/data_008.csv,Robot_tool_data-5mm_648mm_mn_9000rpm,Robot_tool_data-5mm_648mm_mn_9000rpm,5.0,648.0,9000.0,1,0,1.0,train
-0.0007100078125,0.13122173049068014,0.13122365131355895,0.301,0.0006129062499999997,0.1329243814130941,0.1329257944423316,0.329,0.00013309375000000005,0.1332804072545125,0.13328047370817303,0.355,83.38561889062501,156.0620877995827,176.94218458620097,326.12,65.06350840625,113.90532497360756,131.17805907800783,267.2,-46.301076921875,31.575536611129113,56.04287855210634,148.31,-3.9149186484375,7.05159555157105,8.065456456197648,29.988,-19.150924843749998,18.025993204457077,26.300082763711863,89.733,-10.055180773437499,12.273005718461606,15.866106319822089,38.356,-0.11538281250000003,135.38366808168192,135.3837172500609,495.02,0.05080376562499995,62.2942891617884,62.29430987815107,457.65,0.15341936718750016,68.76993655635626,68.77010768835171,468.07,data_000-3194075,METALLICADOUR-Detection_and_Diagnostics_of_Multi-axis_Robot_Faults/METALLICADOUR-Detection_and_diagnostics_of_multi-axis_robot_positioning_drifts/Data_with_combined_drifts/Drifts_axis_5_+0.04-axis_4_-0.04/Robot_tool_data-5mm_648mm_mn_9000rpm/data_000.csv,Robot_tool_data-5mm_648mm_mn_9000rpm,Robot_tool_data-5mm_648mm_mn_9000rpm,5.0,648.0,9000.0,1,0,1.0,train
-0.0007509296875,0.1314189982338624,0.13142114362684376,0.284,0.0007801875000000001,0.1330892074346746,0.1330914941990096,0.327,4.851562499999962e-06,0.133444873332211,0.13344487342040345,0.382,-99.69627029687501,131.21755649478035,164.79500430403962,355.05,-132.48288550781248,93.8152163445447,162.3361012536949,267.5,-20.941811625000003,33.30448721776207,39.34143290444646,141.07,-4.3418427578125005,6.9176500039969016,8.167342291796468,31.463,-8.7968470234375,18.856287038645586,20.807308293903723,87.072,12.597021656250002,9.806244468376375,15.963940152155224,32.881,0.6808911718749998,151.18894657311773,151.1904797885005,495.02,-0.13625033593749994,69.88919977097518,69.88933258217108,437.92,-0.060738234375000075,71.51963056674857,71.51965635779658,501.29,data_001-3508199,METALLICADOUR-Detection_and_Diagnostics_of_Multi-axis_Robot_Faults/METALLICADOUR-Detection_and_diagnostics_of_multi-axis_robot_positioning_drifts/Data_with_combined_drifts/Drifts_axis_5_+0.04-axis_4_-0.04/Robot_tool_data-5mm_648mm_mn_9000rpm/data_001.csv,Robot_tool_data-5mm_648mm_mn_9000rpm,Robot_tool_data-5mm_648mm_mn_9000rpm,5.0,648.0,9000.0,1,0,1.0,train
-0.00057934375,0.13125951227985094,0.1312607908064133,0.291,0.000752546875,0.13294070841713956,0.13294283839774898,0.32,-8.442187500000023e-05,0.13332846698031903,0.1333284937077405,0.392,181.58335107812502,52.63087034887602,189.05692767640596,369.77,66.15042103906251,94.0636539577816,114.99499641086356,244.01,-49.5523531640625,33.013924509225106,59.542882997019795,163.29,-4.225319234375,8.29464200391087,9.308834975732562,32.784,-22.117170875,19.706121967342295,29.622634766436946,95.965,-10.543897109375,10.555285208750627,14.91937706779865,36.156,9.326645796875,163.5855965909453,163.85125490467217,495.02,2.6633512421875,74.58899142781789,74.63652646029524,483.19,7.075067750000001,100.01834998818266,100.26827473346536,501.56,data_003-8006905,METALLICADOUR-Detection_and_Diagnostics_of_Multi-axis_Robot_Faults/METALLICADOUR-Detection_and_diagnostics_of_multi-axis_robot_positioning_drifts/Data_with_combined_drifts/Drifts_axis_5_+0.04-axis_4_-0.04/Robot_tool_data-5mm_648mm_mn_9000rpm/data_003.csv,Robot_tool_data-5mm_648mm_mn_9000rpm,Robot_tool_data-5mm_648mm_mn_9000rpm,5.0,648.0,9000.0,1,0,1.0,held_out
-0.00059909375,0.13136099173338603,0.13136235785985267,0.295,0.0007573359374999998,0.13305939702850855,0.1330615522805611,0.341,-0.00010908593749999981,0.1333654346333627,0.13336547924664577,0.392,-106.81148790625,122.1058865688524,162.22990317297376,374.1,137.27360110937502,106.18563750032966,173.54950640346752,286.26,-34.7637154921875,38.443709550781854,51.83082788116193,154.79,-2.5266604921875,7.980366746849835,8.370798447998125,34.104,-12.611972062500001,20.338242280372356,23.93127531830275,87.016,-16.616780773437497,12.064490267787582,20.534588593249765,40.061,-0.6627348828125001,152.51284130736485,152.51428123677582,495.02,0.12323126562499999,74.92299349111487,74.92309483473349,463.46,2.0834096171875003,83.19523607466911,83.22131879003669,501.29,data_002-8935823,METALLICADOUR-Detection_and_Diagnostics_of_Multi-axis_Robot_Faults/METALLICADOUR-Detection_and_diagnostics_of_multi-axis_robot_positioning_drifts/Data_with_combined_drifts/Drifts_axis_5_+0.04-axis_4_-0.04/Robot_tool_data-5mm_648mm_mn_9000rpm/data_002.csv,Robot_tool_data-5mm_648mm_mn_9000rpm,Robot_tool_data-5mm_648mm_mn_9000rpm,5.0,648.0,9000.0,1,0,1.0,train
-0.00062709375,0.13701910303741852,0.13702053803627395,0.344,0.0011701640625,0.13911425398347696,0.13911917533292273,0.373,-0.0004327968750000002,0.13898868551968535,0.13898935936115756,0.413,-247.29838117187498,138.68945647818273,283.5335159526008,528.48,195.09996041406248,229.1065888200861,300.9216236735818,521.69,35.169744992187496,76.63615709419113,84.32088434653089,238.38,-1.3705256171875,12.39855685512494,12.474075218513507,52.324,-0.9225430859375,21.588601717850004,21.60830418791274,86.8,-21.2797511796875,25.67403221118634,33.3464202014316,68.661,-1.0030405781249998,20.19608530084428,20.220978014931518,495.02,-0.29251357812499984,22.188483593863367,22.19041163179564,394.28,-0.6182331875000001,13.684189706174669,13.698148056898171,501.29,data_006-3434036,METALLICADOUR-Detection_and_Diagnostics_of_Multi-axis_Robot_Faults/METALLICADOUR-Detection_and_diagnostics_of_multi-axis_robot_positioning_drifts/Data_with_combined_drifts/Drifts_axis_5_+0.04-axis_4_-0.04/Robot_tool_data-5mm_648mm_mn_9000rpm/data_006.csv,Robot_tool_data-5mm_648mm_mn_9000rpm,Robot_tool_data-5mm_648mm_mn_9000rpm,5.0,648.0,9000.0,1,0,1.0,train
-0.0007496640624999999,0.13142638140934984,0.13142851945663275,0.322,0.00047703906249999976,0.13300777939295635,0.13300863485245046,0.321,0.00034338281250000005,0.13342041718214112,0.1334208590618892,0.412,-42.653427796875,84.80986315069205,94.93170066138258,248.12,191.1384421640625,145.4867848307822,240.20888541705318,444.89,26.208314265625,65.20134698734054,70.27155459792635,236.16,-4.2544291874999995,11.55537835830617,12.31368899700908,38.99,-8.715266703125002,25.21488380884785,26.67857266047599,103.39,-23.828875453125,15.717706036135768,28.545780570846574,56.999,-0.06388964062500002,33.65841842897798,33.6584790658512,272.62,-0.01204989062500001,27.494635077593916,27.49463771810645,272.66,-0.03169598437499999,25.097225778066516,25.09724579292859,346.57,data_007-7727963,METALLICADOUR-Detection_and_Diagnostics_of_Multi-axis_Robot_Faults/METALLICADOUR-Detection_and_diagnostics_of_multi-axis_robot_positioning_drifts/Data_with_combined_drifts/Drifts_axis_5_+0.04-axis_4_-0.04/Robot_tool_data-5mm_648mm_mn_9000rpm/data_007.csv,Robot_tool_data-5mm_648mm_mn_9000rpm,Robot_tool_data-5mm_648mm_mn_9000rpm,5.0,648.0,9000.0,1,0,1.0,train
-0.00022392968750000006,0.13387545385378738,0.1338756411340857,0.297,0.0004332890624999999,0.13581538050199182,0.13581607165690113,0.348,-0.00013861718750000001,0.1358769499490728,0.13587702065539817,0.393,-282.2443258984375,88.82786973992137,295.8922944998667,564.08,-77.2425676796875,115.72436381251315,139.13497993517663,305.56,-0.01754892187499945,49.910074617050924,49.91007770224617,202.07,-2.3844751171875,10.231703764848511,10.505878521861062,41.654,-0.8892913046874998,21.555452679481185,21.57378917209365,97.302,8.377804625000001,12.876324444119714,15.361879491940634,40.129,-21.092733437500005,204.5925854450571,205.6770026594087,495.02,-20.068907921875002,127.39983499447625,128.97084562720548,489.32,-21.528240984375,149.25627206339936,150.80086176857483,501.56,data_005-2859567,METALLICADOUR-Detection_and_Diagnostics_of_Multi-axis_Robot_Faults/METALLICADOUR-Detection_and_diagnostics_of_multi-axis_robot_positioning_drifts/Data_with_combined_drifts/Drifts_axis_5_+0.04-axis_4_-0.04/Robot_tool_data-5mm_648mm_mn_9000rpm/data_005.csv,Robot_tool_data-5mm_648mm_mn_9000rpm,Robot_tool_data-5mm_648mm_mn_9000rpm,5.0,648.0,9000.0,1,0,1.0,held_out
-0.0006131796875,0.13191270664622623,0.1319141317829993,0.298,0.0005602890625,0.13365959300674585,0.13366076734241242,0.343,4.702343749999985e-05,0.13396356547484778,0.13396357372785148,0.384,49.35231721874999,114.62687821774857,124.79972926575878,353.74,-220.8713505546875,52.58925377408743,227.04577315679546,334.52,-21.4846326171875,47.50486670615927,52.137335945227164,201.07,-5.376261625,9.561075223875967,10.968972080238991,43.85,-12.826416648437501,24.91397413116544,28.02183204302844,118.21,21.6402063671875,7.331370812829047,22.848359451165503,43.003,24.56961275,227.01436416264656,228.34006964800477,495.02,18.545081320312498,155.13163851301715,156.23618437772484,489.32,16.160861250000004,188.91015284618126,189.60015634146853,501.56,data_004-6529826,METALLICADOUR-Detection_and_Diagnostics_of_Multi-axis_Robot_Faults/METALLICADOUR-Detection_and_diagnostics_of_multi-axis_robot_positioning_drifts/Data_with_combined_drifts/Drifts_axis_5_+0.04-axis_4_-0.04/Robot_tool_data-5mm_648mm_mn_9000rpm/data_004.csv,Robot_tool_data-5mm_648mm_mn_9000rpm,Robot_tool_data-5mm_648mm_mn_9000rpm,5.0,648.0,9000.0,1,0,1.0,train
-0.00071275,0.13043018422201014,0.13043213165761725,0.277,0.0008971093749999999,0.13205228909089115,0.13205533635326897,0.323,-7.558593750000001e-05,0.13257416331606078,0.13257418486337189,0.349,101.7858551640625,83.71707319093598,131.79115545110014,339.85,-99.87772658593751,65.38875343094406,119.37859667138028,219.52,4.134233515625001,73.68762139304728,73.8035055625869,212.21,-10.6787668671875,12.908645156221882,16.75318422190218,49.616,9.4445553046875,39.18826494385972,40.31029315464532,131.41,6.2524442890625,8.512669563492336,10.56213059401554,30.415,0.3580199375000002,96.29440993751366,96.29507548929789,495.02,-0.19743806249999998,53.911567527381344,53.91192906071829,489.2,0.4289736640625001,67.5806054817292,67.58196694149694,501.56,data_009-436334,METALLICADOUR-Detection_and_Diagnostics_of_Multi-axis_Robot_Faults/METALLICADOUR-Detection_and_diagnostics_of_multi-axis_robot_positioning_drifts/Data_with_combined_drifts/Drifts_axis_6_+0.155_axis_3_-0.04/Robot_tool_data-5mm_648mm_mn_9000rpm/data_009.csv,Robot_tool_data-5mm_648mm_mn_9000rpm,Robot_tool_data-5mm_648mm_mn_9000rpm,5.0,648.0,9000.0,1,0,1.0,train
-0.0007418671874999999,0.1301993073748421,0.1302014209131855,0.274,0.0005947109374999994,0.1318878283398939,0.131889169173638,0.307,0.00023983593750000003,0.13243463730614657,0.1324348544745208,0.368,178.5708637421875,51.862319954376595,185.94959964646608,337.66,20.14697084375,28.316543128004696,34.75236752940816,167.13,-9.46877840625,77.57182613875615,78.14759097379827,206.65,-10.59530415625,12.954193002304008,16.73533944993022,52.742,5.100444593750001,34.62236661696059,34.99603985043366,102.16,-7.495830648437501,5.6442009774620985,9.383202107172107,31.199,0.5681594531249999,79.12587105765041,79.1279108519623,495.02,0.4995516015625,41.12819813096048,41.131231847613854,446.03,-0.701976078125,46.81305857545076,46.81832145221402,492.19,data_008-4881104,METALLICADOUR-Detection_and_Diagnostics_of_Multi-axis_Robot_Faults/METALLICADOUR-Detection_and_diagnostics_of_multi-axis_robot_positioning_drifts/Data_with_combined_drifts/Drifts_axis_6_+0.155_axis_3_-0.04/Robot_tool_data-5mm_648mm_mn_9000rpm/data_008.csv,Robot_tool_data-5mm_648mm_mn_9000rpm,Robot_tool_data-5mm_648mm_mn_9000rpm,5.0,648.0,9000.0,1,0,1.0,train
-0.0003028671875000001,0.13033396255352722,0.13033431445109725,0.299,0.0006339453124999999,0.1319928521829999,0.13199437455460933,0.319,-0.0003567968750000001,0.13251555961372985,0.13251603994894354,0.353,88.75506852343752,132.1065092947349,159.15273163423856,351.42,71.38233078125,88.73748664739372,113.88493616040786,226.24,-4.949601257812499,67.55355577294544,67.73463995755635,208.34,-10.590184648437498,11.99628287289404,16.00196280630886,44.835,7.4083265078125,35.77535413860415,36.534357328258814,131.92,-12.944098156249998,10.312815902393595,16.550040752677827,37.862,-0.1815632265625,96.40744004460801,96.40761101261627,494.47,-0.06448839843749989,58.354656384751976,58.354692018174575,421.06,-0.13450737499999996,72.92087557717038,72.92099963093686,495.26,data_000-6557501,METALLICADOUR-Detection_and_Diagnostics_of_Multi-axis_Robot_Faults/METALLICADOUR-Detection_and_diagnostics_of_multi-axis_robot_positioning_drifts/Data_with_combined_drifts/Drifts_axis_6_+0.155_axis_3_-0.04/Robot_tool_data-5mm_648mm_mn_9000rpm/data_000.csv,Robot_tool_data-5mm_648mm_mn_9000rpm,Robot_tool_data-5mm_648mm_mn_9000rpm,5.0,648.0,9000.0,1,0,1.0,held_out
-0.0008143828125,0.13043156344064963,0.13043410581951906,0.286,0.0006728984374999999,0.13207198509432388,0.13207369927075754,0.321,0.00022979687500000005,0.1326288895740526,0.13262908865045406,0.386,-48.766181796874996,109.37028611085448,119.7497389183627,354.85,-85.43445866406249,75.33153208805659,113.90296946943614,207.62,9.437812484375,65.63224127079803,66.30734045879437,196.96,-10.484959656250002,12.225900826372438,16.106117782056742,47.268,14.441862656249999,41.33061417656592,43.78112681503459,130.8,5.137079914062499,8.83738607304818,10.221985259604432,27.248,0.21549433593749995,83.86953640944182,83.86981325449287,495.02,0.1573995234375,51.96809377593485,51.96833213904729,379.33,0.20625006250000005,61.731403630332274,61.73174817919286,501.29,data_001-6671472,METALLICADOUR-Detection_and_Diagnostics_of_Multi-axis_Robot_Faults/METALLICADOUR-Detection_and_diagnostics_of_multi-axis_robot_positioning_drifts/Data_with_combined_drifts/Drifts_axis_6_+0.155_axis_3_-0.04/Robot_tool_data-5mm_648mm_mn_9000rpm/data_001.csv,Robot_tool_data-5mm_648mm_mn_9000rpm,Robot_tool_data-5mm_648mm_mn_9000rpm,5.0,648.0,9000.0,1,0,1.0,train
-0.0007408515624999999,0.13015926862607535,0.13016137702987204,0.275,0.0006007109374999999,0.13178851464252136,0.1317898836986834,0.32,0.00019517187499999995,0.13236199647581706,0.13236214036923474,0.362,152.0779078828125,53.44657998976648,161.1962374828138,339.11,59.3154692265625,76.92663259380475,97.13923868236516,229.03,-10.672850640625002,72.75573196518911,73.53438838113452,203.76,-10.6500751328125,12.322676307874833,16.287186734461265,50.631,5.1342446015625,34.27531201254852,34.65771892647043,108.21,-11.843705648437501,9.355777528869158,15.093175168152108,37.41,0.20034260937500004,71.93723949903688,71.93751847195539,495.02,0.11998849218750007,43.618022233686204,43.6181872710983,386.36,0.24915992187499988,51.46966637219004,51.47026944879169,478.77,data_003-2638252,METALLICADOUR-Detection_and_Diagnostics_of_Multi-axis_Robot_Faults/METALLICADOUR-Detection_and_diagnostics_of_multi-axis_robot_positioning_drifts/Data_with_combined_drifts/Drifts_axis_6_+0.155_axis_3_-0.04/Robot_tool_data-5mm_648mm_mn_9000rpm/data_003.csv,Robot_tool_data-5mm_648mm_mn_9000rpm,Robot_tool_data-5mm_648mm_mn_9000rpm,5.0,648.0,9000.0,1,0,1.0,train
-0.00036210156249999996,0.13031569258543246,0.1303161956610248,0.284,0.0006204843750000002,0.13195929533056922,0.13196075410893954,0.317,-0.00024125781250000002,0.13249836292377506,0.13249858256906938,0.365,-47.07727085156249,97.54357819472851,108.30982909165027,318.29,125.48592560156251,70.05451083653416,143.71622042284218,236.56,-2.4055905624999996,64.46188317989906,64.50675351506494,194.82,-9.3894664375,12.776499813889822,15.855630781374346,47.653,11.12299765625,38.71469866018885,40.28087597371948,130.63,-17.875016625,8.77038047252326,19.910695441818294,37.917,-0.1788046796874999,88.54914979600973,88.54933032332683,495.02,-0.07019589843750002,50.5901921863357,50.590240886109044,403.86,-0.2222944531249999,62.754315644005715,62.754709359309366,473.63,data_002-4614875,METALLICADOUR-Detection_and_Diagnostics_of_Multi-axis_Robot_Faults/METALLICADOUR-Detection_and_diagnostics_of_multi-axis_robot_positioning_drifts/Data_with_combined_drifts/Drifts_axis_6_+0.155_axis_3_-0.04/Robot_tool_data-5mm_648mm_mn_9000rpm/data_002.csv,Robot_tool_data-5mm_648mm_mn_9000rpm,Robot_tool_data-5mm_648mm_mn_9000rpm,5.0,648.0,9000.0,1,0,1.0,train
-0.0007542578124999999,0.1302563742196127,0.13025855799020464,0.28,0.0006129374999999999,0.13185146488377023,0.13185288955641056,0.31,0.00020372656250000013,0.13240593059385683,0.13240608732583825,0.372,-64.57905211718752,92.73034585108981,113.0016416430184,313.13,107.55681997656251,77.89814675502731,132.80282674453298,243.07,-1.0424164765625001,64.83984058207753,64.84821939590813,202.98,-9.2654384453125,12.214499136875908,15.33109059227742,48.472,11.8286434296875,40.99615877842863,42.668511105648165,131.42,-15.7085634609375,9.563342582160779,18.390663048135874,37.918,-0.25756784374999997,84.52671908750625,84.52711151395349,495.02,-0.11107286718749995,48.7983934141653,48.7985198237147,433.91,-0.21951244531250005,59.16045426582655,59.16086151039893,501.29,data_006-5915957,METALLICADOUR-Detection_and_Diagnostics_of_Multi-axis_Robot_Faults/METALLICADOUR-Detection_and_diagnostics_of_multi-axis_robot_positioning_drifts/Data_with_combined_drifts/Drifts_axis_6_+0.155_axis_3_-0.04/Robot_tool_data-5mm_648mm_mn_9000rpm/data_006.csv,Robot_tool_data-5mm_648mm_mn_9000rpm,Robot_tool_data-5mm_648mm_mn_9000rpm,5.0,648.0,9000.0,1,0,1.0,train
-0.0002853828125000001,0.13030050676978513,0.13030081929064183,0.27,0.0006038828124999998,0.13190898130524042,0.13191036359375824,0.331,-0.00025193750000000005,0.13247020624699388,0.13247044581952988,0.377,62.696498937499996,76.26582692759378,98.72855380268479,293.47,175.510253640625,25.201943289164433,177.31042574689954,252.12,-6.963691921875001,56.85771328422691,57.28256772434472,198.26,-9.760412328125,13.706079000307032,16.8262369642672,51.354,7.1032749921875,30.07066001650965,30.89823796664056,118.52,-23.9158735,5.12890446735286,24.459653846758226,39.844,-0.30323384375000006,106.06730185738333,106.06773531130598,495.02,-0.2941087109375001,67.96856249370092,67.9691988138302,437.95,1.0100192265624999,87.75263596304012,87.75844835285015,501.56,data_007-3675337,METALLICADOUR-Detection_and_Diagnostics_of_Multi-axis_Robot_Faults/METALLICADOUR-Detection_and_diagnostics_of_multi-axis_robot_positioning_drifts/Data_with_combined_drifts/Drifts_axis_6_+0.155_axis_3_-0.04/Robot_tool_data-5mm_648mm_mn_9000rpm/data_007.csv,Robot_tool_data-5mm_648mm_mn_9000rpm,Robot_tool_data-5mm_648mm_mn_9000rpm,5.0,648.0,9000.0,1,0,1.0,train
-0.00039240624999999996,0.13035465961353263,0.13035525024188707,0.283,0.0004489843749999998,0.13193488820448898,0.13193565216612224,0.309,-1.0296874999999956e-05,0.13247642232525517,0.13247642272542312,0.362,-140.56024047656248,59.068884926959754,152.46742068174268,382.89,-15.2384728984375,54.68365472069599,56.76718374103749,168.7,10.7134725,70.40963248662969,71.22004521137653,190.48,-8.73572134375,10.586402381636965,13.725332155601121,51.489,16.8540531328125,48.580342807221136,51.420898613995355,140.69,-1.3547827968750006,6.7076872773632585,6.843135614439435,20.834,0.13079330468750017,88.05234427167645,88.05244141207206,495.02,0.18779385156249997,50.46667830593159,50.46702770884244,413.48,0.09924592968749997,54.27133034832864,54.271421093720924,462.13,data_011-8544572,METALLICADOUR-Detection_and_Diagnostics_of_Multi-axis_Robot_Faults/METALLICADOUR-Detection_and_diagnostics_of_multi-axis_robot_positioning_drifts/Data_with_combined_drifts/Drifts_axis_6_+0.155_axis_3_-0.04/Robot_tool_data-5mm_648mm_mn_9000rpm/data_011.csv,Robot_tool_data-5mm_648mm_mn_9000rpm,Robot_tool_data-5mm_648mm_mn_9000rpm,5.0,648.0,9000.0,1,0,1.0,train
-0.0004563046874999999,0.1303585832668669,0.1303593818845138,0.298,0.0007594453125,0.13199819796593748,0.13200038266398134,0.318,-0.0002665390625000001,0.13252561897041137,0.13252588700537907,0.365,-127.92201221093751,56.25436365612768,139.74474816053413,355.98,-20.422328875,79.1610656684278,81.75295612049632,174.43,8.9709907890625,68.06254552502679,68.65121105329307,197.43,-9.07525134375,10.815153159662202,14.118347099401811,48.936,16.121427757812498,45.44203688797445,48.21700062714808,139.36,-1.0256841796875005,9.229433210635301,9.286251419493178,22.546,0.2595155390625,73.64880215927602,73.6492593839965,466.34,0.23948954687500004,47.672246111666944,47.672847665882166,361.44,-0.029389023437500016,50.1552683647031,50.155276975110866,478.01,data_005-997385,METALLICADOUR-Detection_and_Diagnostics_of_Multi-axis_Robot_Faults/METALLICADOUR-Detection_and_diagnostics_of_multi-axis_robot_positioning_drifts/Data_with_combined_drifts/Drifts_axis_6_+0.155_axis_3_-0.04/Robot_tool_data-5mm_648mm_mn_9000rpm/data_005.csv,Robot_tool_data-5mm_648mm_mn_9000rpm,Robot_tool_data-5mm_648mm_mn_9000rpm,5.0,648.0,9000.0,1,0,1.0,train
-0.0006761484375,0.13028203577902814,0.1302837903326331,0.281,0.0008186328125,0.13190478883225126,0.13190732912375452,0.314,-5.676562500000004e-05,0.13245682632527406,0.13245683848899611,0.368,49.138171859375,87.80910962071225,100.62305732814788,282.12,-129.211201125,30.80491423954041,132.83251573869495,204.37,4.531141085937499,67.36449719945351,67.51671439336968,195.75,-10.859256859375,13.346246136482938,17.205979933542547,46.974,10.966018968750001,37.58680827505425,39.1538213758079,122.5,9.556010171875,6.139747642139875,11.35842557373779,28.46,-0.1863788046875,87.03469554593353,87.03489510439006,495.02,-0.14743251562500007,50.122029559565846,50.12224639335967,404.81,0.1298949375000002,65.5873221558242,65.58745078341326,501.29,data_004-329277,METALLICADOUR-Detection_and_Diagnostics_of_Multi-axis_Robot_Faults/METALLICADOUR-Detection_and_diagnostics_of_multi-axis_robot_positioning_drifts/Data_with_combined_drifts/Drifts_axis_6_+0.155_axis_3_-0.04/Robot_tool_data-5mm_648mm_mn_9000rpm/data_004.csv,Robot_tool_data-5mm_648mm_mn_9000rpm,Robot_tool_data-5mm_648mm_mn_9000rpm,5.0,648.0,9000.0,1,0,1.0,train
-0.00047013281249999985,0.130342334049422,0.13034318190957478,0.344,0.0007982656249999997,0.13200104529696705,0.1320034589982399,0.333,-0.00021646875000000016,0.13254995650472795,0.13255013326332418,0.363,1.9106656640625006,71.15230192003635,71.17795102276995,272.5,-157.212260859375,22.473798892608723,158.81047383967342,214.9,8.31573365625,62.29849495819914,62.85104533974319,198.59,-10.1234776953125,13.66916029506474,17.009724977778568,47.664,12.7055024453125,40.30599218320933,42.26112632503745,123.75,13.2901552421875,4.479041782515212,14.024622691928684,28.7,-0.45128560156250014,86.28762567810737,86.28880578533551,495.02,0.11004097656250007,56.32692999175121,56.327037480344764,463.18,-0.4767125624999999,69.20419313706081,69.20583503302926,501.56,data_010-2236533,METALLICADOUR-Detection_and_Diagnostics_of_Multi-axis_Robot_Faults/METALLICADOUR-Detection_and_diagnostics_of_multi-axis_robot_positioning_drifts/Data_with_combined_drifts/Drifts_axis_6_+0.155_axis_3_-0.04/Robot_tool_data-5mm_648mm_mn_9000rpm/data_010.csv,Robot_tool_data-5mm_648mm_mn_9000rpm,Robot_tool_data-5mm_648mm_mn_9000rpm,5.0,648.0,9000.0,1,0,1.0,held_out
-0.00024218749999999994,0.13186100198775544,0.13186122439898698,0.292,0.0011643203125,0.13369056754460054,0.13369563752115288,0.324,-0.00018416406249999995,0.13398121841618543,0.13398134498760453,0.413,94.2214006640625,184.87095774026898,207.4968514433463,445.14,70.2157240625,128.1377455222294,146.11478273309913,314.49,-18.1953292109375,47.45130446964818,50.820235152600866,176.63,-2.7304683203125,9.944417349517618,10.312463026339401,42.281,-11.9637697109375,24.44579588205825,27.216331898395154,156.15,-9.86147228125,13.978739360310058,17.107126867400723,43.334,36.94193253125,235.12443976931482,238.00884133993335,495.02,30.67060121875,163.15850747684016,166.01621710299776,489.32,29.351039195312506,196.25641123148458,198.43906483176733,501.56,data_000-5813596,METALLICADOUR-Detection_and_Diagnostics_of_Multi-axis_Robot_Faults/METALLICADOUR-Detection_and_diagnostics_of_multi-axis_robot_positioning_drifts/Data_with_unique_drifts/Drifts_axis_5_0.12/Robot_tool_data-5mm_648mm_mn_9000rpm/data_000.csv,Robot_tool_data-5mm_648mm_mn_9000rpm,Robot_tool_data-5mm_648mm_mn_9000rpm,5.0,648.0,9000.0,1,0,1.0,train
-0.00034927343749999976,0.13256341790206813,0.13256387802796243,0.312,0.0013155312499999999,0.13447256935442364,0.13447900405360683,0.331,-0.00020736718749999992,0.1347170261387255,0.13471718573668506,0.403,-115.9564375703125,176.12974699854328,210.87338189484382,534.57,-175.0323015390625,113.26987824801502,208.48590336130988,366.46,10.121514375,58.74261165439031,59.608216524417536,230.03,-3.281667796875,11.592561454923928,12.048104606751817,55.565,0.5923554921875002,30.743195310543296,30.748901491457154,138.76,17.89190740625,12.259532871016571,21.68908704508697,45.448,6.5650956796874995,233.60130812279013,233.69354214004755,495.02,-2.8262453437500006,194.60188163486026,194.6224036398976,489.32,1.2958300390625,191.3077954951631,191.31218411985498,501.56,data_001-1293388,METALLICADOUR-Detection_and_Diagnostics_of_Multi-axis_Robot_Faults/METALLICADOUR-Detection_and_diagnostics_of_multi-axis_robot_positioning_drifts/Data_with_unique_drifts/Drifts_axis_5_0.12/Robot_tool_data-5mm_648mm_mn_9000rpm/data_001.csv,Robot_tool_data-5mm_648mm_mn_9000rpm,Robot_tool_data-5mm_648mm_mn_9000rpm,5.0,648.0,9000.0,1,0,1.0,train
-0.0006764453124999997,0.1351174247698153,0.13511911802068388,0.308,0.0015808203125000002,0.13718588865551037,0.1371949964068023,0.355,8.403125000000014e-05,0.13725189536942295,0.13725192109311257,0.432,289.88014532812497,109.90358081936854,310.0149927541801,608.46,144.2108519609375,113.78725013845919,183.69623871318572,351.58,-29.5883235234375,82.32390181593088,87.47967592033382,254.32,-2.120971921875,15.377494627825097,15.523075176078091,50.116,-17.232502468750003,38.50249633335554,42.182951120512314,133.9,-17.962556679687502,13.172694755868573,22.27494847586125,50.863,-16.7755495859375,145.21256479593345,146.1783432609749,495.02,-12.705666125000002,149.81491090512355,150.35272355760665,489.32,-17.577440070312495,161.67882022349374,162.63150773539007,501.56,data_003-2715451,METALLICADOUR-Detection_and_Diagnostics_of_Multi-axis_Robot_Faults/METALLICADOUR-Detection_and_diagnostics_of_multi-axis_robot_positioning_drifts/Data_with_unique_drifts/Drifts_axis_5_0.12/Robot_tool_data-5mm_648mm_mn_9000rpm/data_003.csv,Robot_tool_data-5mm_648mm_mn_9000rpm,Robot_tool_data-5mm_648mm_mn_9000rpm,5.0,648.0,9000.0,1,0,1.0,train
-0.0001647265624999995,0.13428969145972117,0.13428979249067108,0.318,0.0008797500000000001,0.13626423890941639,0.1362670788034476,0.367,0.00014417187499999996,0.13636617075715832,0.1363662469693289,0.414,-170.55906771093748,177.78613406689792,246.3702600657741,614.48,184.7915304140625,163.97925101156824,247.05688509953794,411.7,4.707729812499999,86.79685422109561,86.92443052827913,293.94,-0.7844158515625,15.523146254890841,15.542952675695634,51.464,-1.5729917812499994,45.110590702124185,45.13800722936773,145.26,-20.480298257812496,19.043263490736365,27.965845260005466,54.578,-9.369036226562498,229.27042900477034,229.46177994569396,495.02,-10.906271039062496,178.59271540013117,178.92541670195922,489.32,-10.184462500000002,201.07103890342276,201.3288006275199,501.56,data_002-4146976,METALLICADOUR-Detection_and_Diagnostics_of_Multi-axis_Robot_Faults/METALLICADOUR-Detection_and_diagnostics_of_multi-axis_robot_positioning_drifts/Data_with_unique_drifts/Drifts_axis_5_0.12/Robot_tool_data-5mm_648mm_mn_9000rpm/data_002.csv,Robot_tool_data-5mm_648mm_mn_9000rpm,Robot_tool_data-5mm_648mm_mn_9000rpm,5.0,648.0,9000.0,1,0,1.0,train
0.00034799218750000016,0.13794166544412872,0.1379421043918879,0.354,0.001321734375,0.14005684873513663,0.14006308528436393,0.388,-0.0006529296875000001,0.13973515161506672,0.13973667705388768,0.394,-297.1164366953125,223.78029554519907,371.9620916556098,976.22,94.436266,272.2828552140719,288.19465917943376,479.0,26.424035859375,100.4183442630165,103.83676389229026,356.5,-0.35604908593749973,14.189013650117044,14.19348016924689,45.561,2.2573897343750002,42.73164585174092,42.79123000816253,145.61,-9.717313812500002,30.642503213909073,32.14637134957896,63.922,15.279314757812498,115.67723718272488,116.6819637377461,495.02,-1.6031404843750015,112.16081837535702,112.17227481888058,489.32,4.692398031250002,163.40122387109497,163.46858585629036,501.56,data_006-5250430,METALLICADOUR-Detection_and_Diagnostics_of_Multi-axis_Robot_Faults/METALLICADOUR-Detection_and_diagnostics_of_multi-axis_robot_positioning_drifts/Data_with_unique_drifts/Drifts_axis_5_0.12/Robot_tool_data-5mm_648mm_mn_9000rpm/data_006.csv,Robot_tool_data-5mm_648mm_mn_9000rpm,Robot_tool_data-5mm_648mm_mn_9000rpm,5.0,648.0,9000.0,1,0,1.0,train
-0.0006657499999999999,0.1354151616744318,0.13541679819865407,0.422,0.0010765234375,0.13679424282741587,0.13679847869562548,0.426,6.89218749999999e-05,0.13753394586573944,0.13753396313501987,0.513,-269.62287311718745,446.4732873104075,521.5696405943589,1509.6,266.5035221406249,416.7134562941991,494.6455619633274,1199.3,52.38177471875001,218.86509360424773,225.04617197606805,677.88,9.8686375,9.157793116708715,13.463104429322524,65.032,-3.862820492187501,39.70307023156144,39.89053983048066,171.79,-29.944924257812502,41.62263666870906,51.275163306044114,125.68,-16.713371757812496,70.12570955638697,72.08988789214189,495.02,-0.8557071171875009,70.50595004015547,70.51114256438699,489.32,-8.510964890625,80.33608472630009,80.78566105764513,501.56,data_007-4212134,METALLICADOUR-Detection_and_Diagnostics_of_Multi-axis_Robot_Faults/METALLICADOUR-Detection_and_diagnostics_of_multi-axis_robot_positioning_drifts/Data_with_unique_drifts/Drifts_axis_5_0.12/Robot_tool_data-5mm_648mm_mn_9000rpm/data_007.csv,Robot_tool_data-5mm_648mm_mn_9000rpm,Robot_tool_data-5mm_648mm_mn_9000rpm,5.0,648.0,9000.0,1,0,1.0,train
-7.382031249999987e-05,0.14244289748088165,0.14244291660938252,0.371,0.0006490859375,0.14486463608834366,0.14486609024047864,0.393,0.0005140390624999998,0.1443536812391001,0.1443545964749218,0.421,-400.2573054609375,159.2517820806044,430.7749304111122,765.42,-277.7698870625,192.0610557127123,337.7033598888166,804.03,181.5446576484375,61.06121077458212,191.53833606342707,443.36,-2.8145595234375,13.870332131605599,14.153015888920052,82.34,25.8363107109375,39.245602106791225,46.9865112120136,141.52,31.9297990703125,21.001057807826772,38.21722776076531,104.41,-2.0869940234375006,81.08383142901484,81.11068525948204,495.02,-12.7950348515625,87.56280718273695,88.49270093388418,489.32,-16.482567359374997,109.12709908017668,110.36484395137353,501.56,data_005-4725079,METALLICADOUR-Detection_and_Diagnostics_of_Multi-axis_Robot_Faults/METALLICADOUR-Detection_and_diagnostics_of_multi-axis_robot_positioning_drifts/Data_with_unique_drifts/Drifts_axis_5_0.12/Robot_tool_data-5mm_648mm_mn_9000rpm/data_005.csv,Robot_tool_data-5mm_648mm_mn_9000rpm,Robot_tool_data-5mm_648mm_mn_9000rpm,5.0,648.0,9000.0,1,0,1.0,train
-0.00023982031250000012,0.1438823252163212,0.14388252508014135,0.375,0.0017669765625000005,0.14578296814662567,0.14579367615851005,0.401,-0.00041749999999999996,0.14546505966855067,0.14546565880174261,0.412,403.25936192968754,367.277087268537,545.4452968138961,1629.7,-417.13079335156255,174.71283839053982,452.24183205513265,854.66,233.36520208593748,192.97451710467033,302.8175718091524,830.49,-7.5203325390625,20.96133978512557,22.26955695755015,111.11,15.283046312499998,38.46874554093348,41.393428078417344,191.11,43.723769328124995,19.884480438559283,48.0329112856022,107.96,0.3599089921874995,36.88628702691609,36.88804284744171,438.1,10.6014642421875,107.1788038094302,107.70184320659843,489.32,10.382695460937503,152.39100128030535,152.7442883915749,501.56,data_004-6938095,METALLICADOUR-Detection_and_Diagnostics_of_Multi-axis_Robot_Faults/METALLICADOUR-Detection_and_diagnostics_of_multi-axis_robot_positioning_drifts/Data_with_unique_drifts/Drifts_axis_5_0.12/Robot_tool_data-5mm_648mm_mn_9000rpm/data_004.csv,Robot_tool_data-5mm_648mm_mn_9000rpm,Robot_tool_data-5mm_648mm_mn_9000rpm,5.0,648.0,9000.0,1,0,1.0,train
-0.00027265624999999984,0.14120285242717065,0.14120311567029958,0.409,0.0006330156249999999,0.1434015881862663,0.1434029853354699,0.462,-0.00029998437499999985,0.14278369855090164,0.14278401367975335,0.427,-222.20413249218748,304.15125459205893,376.6731503127467,1518.2,-352.78963478906246,237.94106971138515,425.5308203526489,1560.3,135.3190566171875,143.72709720550563,197.40497854635396,840.3,-49.30045624999999,100.92641258399,112.32397670814515,435.11,22.1908465859375,39.531055526287886,45.33363015712585,344.27,19.190684703124997,67.1609124085718,69.84891219572864,254.84,34.773923570312505,177.94061315119913,181.3066120391053,495.02,11.0422777890625,130.64947972492848,131.1152868706213,489.32,17.64966109375001,166.32938416472552,167.2631895347601,501.56,data_009-808031,METALLICADOUR-Detection_and_Diagnostics_of_Multi-axis_Robot_Faults/METALLICADOUR-Detection_and_diagnostics_of_multi-axis_robot_positioning_drifts/Data_with_unique_drifts/Drifts_axis_3_0.08/Robot_tool_data-5mm_648mm_mn_9000rpm/data_009.csv,Robot_tool_data-5mm_648mm_mn_9000rpm,Robot_tool_data-5mm_648mm_mn_9000rpm,5.0,648.0,9000.0,1,0,1.0,train
-0.0010739453124999998,0.1409311189549819,0.1409352108184378,0.365,0.0010133125,0.1431442251093363,0.14314781166463916,0.421,0.00020112500000000016,0.14249861573444977,0.14249875767002324,0.395,521.07020903125,301.25746510217124,601.8888792955528,1456.8,-83.09725385156251,362.1408919606152,371.55239095947286,1138.9,99.13002435937499,126.3006770687547,160.55722580287733,971.18,-12.136133023437502,21.75856278885252,24.91426859048862,257.78,3.8976596328124997,32.85717163564051,33.087542648362316,264.0,4.622838125,39.865875430208746,40.13301204927029,134.49,-5.171907437499999,79.64013877061063,79.80789641347646,495.02,-8.524128914062501,40.97698206218243,41.85419731243184,433.1,-11.758541226562494,105.00397537015996,105.66029592668163,501.56,data_008-5730880,METALLICADOUR-Detection_and_Diagnostics_of_Multi-axis_Robot_Faults/METALLICADOUR-Detection_and_diagnostics_of_multi-axis_robot_positioning_drifts/Data_with_unique_drifts/Drifts_axis_3_0.08/Robot_tool_data-5mm_648mm_mn_9000rpm/data_008.csv,Robot_tool_data-5mm_648mm_mn_9000rpm,Robot_tool_data-5mm_648mm_mn_9000rpm,5.0,648.0,9000.0,1,0,1.0,train
-0.0007895937499999999,0.1375790770719151,0.13758134287122656,0.316,0.0003950156249999999,0.13967609056368957,0.13967664913112712,0.371,0.0005056093749999999,0.13940652754322486,0.13940744442998732,0.376,280.06871164843756,138.9380817934296,312.6376078095106,634.29,-284.4433753125,188.90978352417616,341.4600124030907,533.2,66.84657032031248,84.0763842604966,107.41183525993382,449.15,-38.3987355234375,18.27228857270828,42.52457430102301,95.522,7.448688484374999,31.820410373157195,32.68059785948523,200.08,27.199381156250002,21.62066948491112,34.74564266578954,62.865,18.644750976562502,179.4015579725356,180.3678068335674,495.02,20.0488806953125,144.3357406001975,145.72152768806117,489.32,33.82958080468751,161.2259186901943,164.7368732097281,501.56,data_014-8721705,METALLICADOUR-Detection_and_Diagnostics_of_Multi-axis_Robot_Faults/METALLICADOUR-Detection_and_diagnostics_of_multi-axis_robot_positioning_drifts/Data_with_unique_drifts/Drifts_axis_3_0.08/Robot_tool_data-5mm_648mm_mn_9000rpm/data_014.csv,Robot_tool_data-5mm_648mm_mn_9000rpm,Robot_tool_data-5mm_648mm_mn_9000rpm,5.0,648.0,9000.0,1,0,1.0,train
-0.0011398046874999998,0.13901204790399233,0.13901672063887674,0.338,0.0005770156250000002,0.14108672772613484,0.14108790765866505,0.384,0.0006765156249999998,0.14073507302635732,0.1407366990273859,0.397,229.69677075,330.0714398954481,402.1290364144729,1081.1,191.91589855468752,196.07526079119194,274.36694409565274,627.5,126.48188396875,204.12470751264132,240.13446897395988,894.66,-0.41443664062500013,28.909099594039507,28.912070093080285,98.733,7.954267992187501,57.49636292735204,58.04396720732759,228.76,-23.0025282578125,22.106336042656235,31.903078213274416,82.44,-2.5650015624999907,165.5262441369391,165.54611662946732,495.02,1.7662889375000013,141.35251489932978,141.3635499164335,489.32,9.875969531250012,190.43205453659192,190.68797069875615,501.56,data_000-9928281,METALLICADOUR-Detection_and_Diagnostics_of_Multi-axis_Robot_Faults/METALLICADOUR-Detection_and_diagnostics_of_multi-axis_robot_positioning_drifts/Data_with_unique_drifts/Drifts_axis_3_0.08/Robot_tool_data-5mm_648mm_mn_9000rpm/data_000.csv,Robot_tool_data-5mm_648mm_mn_9000rpm,Robot_tool_data-5mm_648mm_mn_9000rpm,5.0,648.0,9000.0,1,0,1.0,train
-0.00033990624999999977,0.14306645563990958,0.14306685942462358,0.444,0.0006795312499999997,0.1450102549814332,0.14501184714532808,0.456,-0.0001809843749999999,0.14449221279071064,0.14449232613706514,0.537,-41.25315325781252,437.78882014453313,439.7281816045624,1421.1,-382.7802672265625,270.13018159341766,468.4987171655131,1540.4,137.9808877578125,154.3799945065755,207.05532615773092,582.06,-49.65217375,105.39932217527829,116.50903601484434,423.39,23.0894981796875,50.42307554166604,55.458195726784616,335.3,19.7964613515625,66.49675549037072,69.38096549335455,234.65,-8.2136270390625,57.54883025547388,58.1320181389754,495.02,-13.724421703125001,114.85212498999275,115.66922825800354,489.32,-19.8701468828125,112.29324401320827,114.03769283949266,501.56,data_001-178395,METALLICADOUR-Detection_and_Diagnostics_of_Multi-axis_Robot_Faults/METALLICADOUR-Detection_and_diagnostics_of_multi-axis_robot_positioning_drifts/Data_with_unique_drifts/Drifts_axis_3_0.08/Robot_tool_data-5mm_648mm_mn_9000rpm/data_001.csv,Robot_tool_data-5mm_648mm_mn_9000rpm,Robot_tool_data-5mm_648mm_mn_9000rpm,5.0,648.0,9000.0,1,0,1.0,train
-0.0008374531249999999,0.13931727700562996,0.13931979399927347,0.517,0.0010149765625,0.14141964453936404,0.14142328676375224,0.547,1.4687500000000742e-06,0.14102042664882905,0.14102042665647768,0.474,43.4871603515625,192.40993400835663,197.2630624839396,1453.6,-394.2762199609375,203.6831082106466,443.7798397821104,1631.0,99.965187515625,173.7342791143255,200.44110969162094,842.04,-81.743855234375,120.20914588265774,145.36951751456198,455.53,18.6280508046875,43.43113119320117,47.25745902503721,566.22,10.885025070312498,92.45406015610851,93.0926259707538,328.29,-20.898350453125,123.98410344087876,125.73304640268665,495.02,-23.057293382812503,163.6441888515652,165.26058006381263,489.32,-34.6340172890625,159.17553895026816,162.8998691027326,501.56,data_015-7844084,METALLICADOUR-Detection_and_Diagnostics_of_Multi-axis_Robot_Faults/METALLICADOUR-Detection_and_diagnostics_of_multi-axis_robot_positioning_drifts/Data_with_unique_drifts/Drifts_axis_3_0.08/Robot_tool_data-5mm_648mm_mn_9000rpm/data_015.csv,Robot_tool_data-5mm_648mm_mn_9000rpm,Robot_tool_data-5mm_648mm_mn_9000rpm,5.0,648.0,9000.0,1,0,1.0,held_out
-0.0006644218750000001,0.1266239904814527,0.126625733647924,0.257,0.0006835468749999998,0.12772841432574694,0.12773024333531977,0.314,0.00011607031249999991,0.12888100011927692,0.12888105238576578,0.318,5.55167675,16.855037238906693,17.745799363833175,41.621,10.1681083359375,5.391118231853018,11.5088914723,22.099,-3.2288298671875,11.271290187662641,11.72464604181048,29.382,-38.852308140625,2.9072510452104887,38.96092858870221,45.163,-0.39976780468749995,8.561592260799793,8.570920390357827,17.466,-5.2137768125,1.3657080612954364,5.3896778344581975,8.198,-0.014143234375000003,4.654023252085518,4.654044742160441,25.427,0.0007789765625000005,2.4122970475805476,2.4122971733537124,24.653,-0.022796812500000003,2.6327858987877204,2.6328845936568555,49.954,data_003-815280,METALLICADOUR-Detection_and_Diagnostics_of_Multi-axis_Robot_Faults/METALLICADOUR-Detection_and_diagnostics_of_multi-axis_robot_positioning_drifts/Data_with_unique_drifts/Drifts_axis_3_0.08/Robot_tool_data-5mm_648mm_mn_9000rpm/data_003.csv,Robot_tool_data-5mm_648mm_mn_9000rpm,Robot_tool_data-5mm_648mm_mn_9000rpm,5.0,648.0,9000.0,1,0,1.0,train
-0.00062890625,0.1270106805624185,0.12701223759937466,0.243,0.0005829531249999999,0.12813744802956337,0.1281387740766822,0.3,0.00017896875000000004,0.12926361933152933,0.12926374322485018,0.321,4.3901761328125,16.96617410807966,17.524973904197093,127.06,9.8245715390625,6.455325504500453,11.755570309228343,65.565,-2.8939153671875,11.716856338703392,12.068946458339179,96.469,-38.67576890625,3.2246363426728144,38.80996495788344,70.535,-0.5575773125000001,8.446136854764633,8.464521264007086,57.715,-5.26702390625,1.3876576038385662,5.446754488179176,12.353,-0.1556307109375,5.109557394840051,5.111927003523384,121.04,-0.157741078125,3.097400664093719,3.1014146968208314,130.83,-0.35210825,3.590493037829737,3.607716795207445,120.01,data_002-4131833,METALLICADOUR-Detection_and_Diagnostics_of_Multi-axis_Robot_Faults/METALLICADOUR-Detection_and_diagnostics_of_multi-axis_robot_positioning_drifts/Data_with_unique_drifts/Drifts_axis_3_0.08/Robot_tool_data-5mm_648mm_mn_9000rpm/data_002.csv,Robot_tool_data-5mm_648mm_mn_9000rpm,Robot_tool_data-5mm_648mm_mn_9000rpm,5.0,648.0,9000.0,1,0,1.0,train
-0.0011898125000000003,0.1399328174271134,0.1399378756694377,0.415,0.0009669218749999999,0.14164674551578177,0.14165004572228349,0.478,0.0004245390625000001,0.1413735991620144,0.14137423659718734,0.436,-665.3834107812498,696.5368200693885,963.2749477980133,2081.8,453.10981001562504,431.716748864101,625.8497033491229,1241.6,87.63966319531252,151.84139287988464,175.31833662424273,444.07,55.9952722734375,120.19599102322229,132.59919598184194,433.98,-5.2506956484375005,47.02330867008007,47.31555096449949,172.65,-19.4916868125,63.97087828740115,66.87450279185691,161.6,-0.048936171875000045,24.11170902774154,24.111758687150772,495.02,-0.050258312499999985,17.71136035419586,17.71143166133546,438.19,-0.04619335937500017,25.76539122949201,25.765432638231292,501.56,data_006-1470814,METALLICADOUR-Detection_and_Diagnostics_of_Multi-axis_Robot_Faults/METALLICADOUR-Detection_and_diagnostics_of_multi-axis_robot_positioning_drifts/Data_with_unique_drifts/Drifts_axis_3_0.08/Robot_tool_data-5mm_648mm_mn_9000rpm/data_006.csv,Robot_tool_data-5mm_648mm_mn_9000rpm,Robot_tool_data-5mm_648mm_mn_9000rpm,5.0,648.0,9000.0,1,0,1.0,train
-0.0006626562499999999,0.13787356502814213,0.13787515746817844,0.33,0.0004901171875000001,0.14003755309676763,0.14003841077428542,0.365,0.00036217187500000024,0.13962289116682464,0.13962336089011035,0.402,71.93431679687498,227.55895041780414,238.6579599516551,673.87,426.13000789062505,127.4434028439773,444.7792762183468,646.99,13.444309421875001,86.25287490374248,87.29437487600083,286.7,-34.498952234375004,17.744596020946585,38.7949531926033,111.32,1.5225035859375,22.87931299301913,22.9299145266991,108.35,-49.1214851484375,15.558600205920017,51.52659840854838,84.534,-1.1051870468750011,113.82494198440811,113.83030728308896,495.02,0.5785240234374949,135.24456411298323,135.24580145851672,489.32,-4.9044785078124935,131.15669499630636,131.2483620918285,501.56,data_012-3244255,METALLICADOUR-Detection_and_Diagnostics_of_Multi-axis_Robot_Faults/METALLICADOUR-Detection_and_diagnostics_of_multi-axis_robot_positioning_drifts/Data_with_unique_drifts/Drifts_axis_3_0.08/Robot_tool_data-5mm_648mm_mn_9000rpm/data_012.csv,Robot_tool_data-5mm_648mm_mn_9000rpm,Robot_tool_data-5mm_648mm_mn_9000rpm,5.0,648.0,9000.0,1,0,1.0,train
-0.0006433984374999997,0.13697192469859698,0.13697343580850815,0.34,0.0005167265625,0.13905381979056566,0.13905477986997605,0.359,0.000258765625,0.1387489789141755,0.13874922021177272,0.394,431.787117421875,80.64355919329667,439.25334194614254,910.5,117.604061578125,30.131262277502767,121.4026699298952,227.03,42.6809992109375,80.93417290168726,91.49867778784707,573.69,-34.94406271093751,13.000616138821922,37.28409230134119,98.174,-1.0344804609375,23.3903214011595,23.413186136739306,313.72,-16.75958171875,7.648436671488833,18.42232783622185,54.121,-1.0914282265624997,61.43547890091295,61.44517298664117,495.02,-2.9502999296875005,98.90823212448555,98.95222408650666,489.32,-4.5812580546875,120.62959797144714,120.71655989182513,501.56,data_013-4422868,METALLICADOUR-Detection_and_Diagnostics_of_Multi-axis_Robot_Faults/METALLICADOUR-Detection_and_diagnostics_of_multi-axis_robot_positioning_drifts/Data_with_unique_drifts/Drifts_axis_3_0.08/Robot_tool_data-5mm_648mm_mn_9000rpm/data_013.csv,Robot_tool_data-5mm_648mm_mn_9000rpm,Robot_tool_data-5mm_648mm_mn_9000rpm,5.0,648.0,9000.0,1,0,1.0,held_out
-0.0006116328124999999,0.13564627439360497,0.13564765332125175,0.352,0.00029580468749999984,0.13760487928948725,0.13760519722992842,0.359,0.00040700781250000014,0.1375198293972657,0.13752043169221256,0.394,235.41824153124998,226.3814030845529,326.60417650145985,1047.4,282.9603301953125,135.8823035140087,313.89576115728846,631.97,-52.872811078125,73.46310304875213,90.51166588266219,305.4,-7.646272304687499,14.6895080618941,16.560408426662754,56.208,-15.0007333046875,24.906156743947246,29.074707968136668,114.33,-33.9492726171875,15.941388978852448,37.505746143907004,75.041,6.099085898437508,197.1311657067336,197.22549364038153,495.02,8.2733773984375,187.74093739135256,187.92314478573613,489.32,8.384047875000007,190.54622019298677,190.73058037085843,501.56,data_007-1069324,METALLICADOUR-Detection_and_Diagnostics_of_Multi-axis_Robot_Faults/METALLICADOUR-Detection_and_diagnostics_of_multi-axis_robot_positioning_drifts/Data_with_unique_drifts/Drifts_axis_3_0.08/Robot_tool_data-5mm_648mm_mn_9000rpm/data_007.csv,Robot_tool_data-5mm_648mm_mn_9000rpm,Robot_tool_data-5mm_648mm_mn_9000rpm,5.0,648.0,9000.0,1,0,1.0,held_out
-0.00044322656249999983,0.1353756489893097,0.13537637456019605,0.332,0.0006476171875000001,0.13723825401620335,0.1372397820365418,0.392,-5.7906249999999934e-05,0.13730324271249464,0.1373032549231809,0.426,-118.5569825234375,119.81062920174251,168.55368573478333,585.05,301.02989133593746,236.8841168395828,383.0575417461395,609.52,14.606439390625,76.1875146259461,77.57503114115231,285.26,-34.315816828124994,14.556437153961449,37.27553013973988,79.78,5.864005156249999,22.026367387260017,22.793582797600692,136.67,-34.538728203125,25.854122555693092,43.14347458207487,82.695,1.8561717109374996,96.93832975092693,96.9560990774687,495.02,3.2382991484375,64.3780371046933,64.45943098436442,489.32,5.422783265625,79.17989410603195,79.36537159862843,501.56,data_011-4080279,METALLICADOUR-Detection_and_Diagnostics_of_Multi-axis_Robot_Faults/METALLICADOUR-Detection_and_diagnostics_of_multi-axis_robot_positioning_drifts/Data_with_unique_drifts/Drifts_axis_3_0.08/Robot_tool_data-5mm_648mm_mn_9000rpm/data_011.csv,Robot_tool_data-5mm_648mm_mn_9000rpm,Robot_tool_data-5mm_648mm_mn_9000rpm,5.0,648.0,9000.0,1,0,1.0,train
-0.0003872187500000001,0.15043075322142294,0.15043125158398768,0.423,0.00035634375000000005,0.15237951742813677,0.15237993408746442,0.451,3.187499999999566e-06,0.15252410303117617,0.15252410306448289,0.456,-897.7728613984375,386.46116095016566,977.4192240725,1693.3,881.64022259375,331.50257731170467,941.9041569392609,1208.6,258.69126363281254,190.57694611432163,321.3109744005056,761.66,-23.691349859375002,12.368624537838485,26.725697953792118,78.543,44.7257297734375,46.42236667470573,64.46260180482466,171.25,-94.35869473437499,34.91703336951193,100.6119401030642,131.38,-35.07369365625001,77.91201618279418,85.44264890767639,495.02,-19.2521831953125,71.0260899936663,73.58907539556573,489.32,-35.94417805468749,82.74872583049641,90.21826623582245,501.29,data_005-9887529,METALLICADOUR-Detection_and_Diagnostics_of_Multi-axis_Robot_Faults/METALLICADOUR-Detection_and_diagnostics_of_multi-axis_robot_positioning_drifts/Data_with_unique_drifts/Drifts_axis_3_0.08/Robot_tool_data-5mm_648mm_mn_9000rpm/data_005.csv,Robot_tool_data-5mm_648mm_mn_9000rpm,Robot_tool_data-5mm_648mm_mn_9000rpm,5.0,648.0,9000.0,1,0,1.0,held_out
-0.0004045000000000001,0.13159851901854747,0.13159914068155992,0.334,0.0004659140624999998,0.13315360694053266,0.1331544220714712,0.352,1.871875000000005e-05,0.13362139755287475,0.13362139886401053,0.394,-180.2090794765625,178.07611930539318,253.35038305212535,638.64,19.638325531250004,58.82258548720783,62.014195093310846,236.99,8.891817109375001,49.82371642860445,50.61093883998362,243.16,-39.30035625,9.516290105957372,40.43609499887021,80.497,7.032648585937499,30.274278988151607,31.08038150322043,131.83,-5.23731721875,7.31683557131559,8.998087264940498,34.699,34.649325953125,188.16432888436566,191.32796568591226,495.02,18.638533281249998,164.3156710600879,165.36938857842853,489.32,36.49536408593751,154.8921552459193,159.1335645189006,501.56,data_004-5598547,METALLICADOUR-Detection_and_Diagnostics_of_Multi-axis_Robot_Faults/METALLICADOUR-Detection_and_diagnostics_of_multi-axis_robot_positioning_drifts/Data_with_unique_drifts/Drifts_axis_3_0.08/Robot_tool_data-5mm_648mm_mn_9000rpm/data_004.csv,Robot_tool_data-5mm_648mm_mn_9000rpm,Robot_tool_data-5mm_648mm_mn_9000rpm,5.0,648.0,9000.0,1,0,1.0,held_out
-0.0006042578124999999,0.13907332588982885,0.13907463859943156,0.491,0.0004768359375000001,0.1410331050819318,0.14103391117586755,0.474,0.0002938984374999997,0.1410840651669101,0.14108437128297557,0.514,-438.76100215624996,595.7019277033495,739.8459323958222,2654.9,-60.843990749999996,242.42602212310857,249.94472871581033,1284.3,68.7603370546875,187.6804959961124,199.87984523013066,1089.1,-56.167216234375,74.4388892424705,93.25183328584929,388.35,-1.2060554921875009,60.24339539348749,60.25546662657509,377.93,0.3547469531250008,26.944420047457154,26.946755223858823,196.19,-34.168272,113.33962442508385,118.37795941933213,495.02,-11.763010281249999,95.37472621065243,96.09738191352407,489.32,-22.028029328124997,97.7906734603034,100.2409591529352,501.56,data_010-5852841,METALLICADOUR-Detection_and_Diagnostics_of_Multi-axis_Robot_Faults/METALLICADOUR-Detection_and_diagnostics_of_multi-axis_robot_positioning_drifts/Data_with_unique_drifts/Drifts_axis_3_0.08/Robot_tool_data-5mm_648mm_mn_9000rpm/data_010.csv,Robot_tool_data-5mm_648mm_mn_9000rpm,Robot_tool_data-5mm_648mm_mn_9000rpm,5.0,648.0,9000.0,1,0,1.0,held_out
-0.0006706640625000001,0.1310880124740732,0.13108972806702857,0.283,0.0009375859374999997,0.13267983587068646,0.13268314856854468,0.34,-0.00015591406250000007,0.13319635609408623,0.13319644734728286,0.368,109.39663206249999,93.85779599009027,144.1419750618653,368.69,-144.71221760156251,88.82815825122412,169.80008133527645,287.1,-8.361014335937499,37.27043680835605,38.19675405857694,180.99,-2.4926777578125,8.657999031948124,9.009683104388735,32.459,-6.837973203124999,23.763095935713153,24.72736552842948,108.97,13.519666117187498,10.433596547743859,17.077508859354175,36.92,1.7958319062500003,183.73504938329623,183.74382543127214,495.02,1.2326141718750006,92.89127312670306,92.89945080998301,489.2,-13.092834335937502,119.54505050096732,120.25989111182137,501.56,data_009-1434543,METALLICADOUR-Detection_and_Diagnostics_of_Multi-axis_Robot_Faults/METALLICADOUR-Detection_and_diagnostics_of_multi-axis_robot_positioning_drifts/Data_with_unique_drifts/Drifts_axis_6_0.155/Robot_tool_data-5mm_648mm_mn_9000rpm/data_009.csv,Robot_tool_data-5mm_648mm_mn_9000rpm,Robot_tool_data-5mm_648mm_mn_9000rpm,5.0,648.0,9000.0,1,0,1.0,train
-0.0004204453125,0.130990583150762,0.13099125790844784,0.287,0.0006626953124999999,0.13256883989643,0.13257049625222989,0.326,-0.00016260156249999999,0.1330597502291522,0.1330598495802265,0.387,207.7585380390625,45.05274023850138,212.58729861195013,365.17,20.247961671875,21.680159448274928,29.664950119094144,160.37,-27.187417828125,35.370852633641434,44.6122506066644,167.33,-1.77792803125,8.462649516323657,8.647396424383324,36.395,-12.89210165625,23.0758763037935,26.432978498517006,115.07,-5.017680015625,4.281956885563977,6.59638291103778,29.893,1.334609328125,194.8844282617094,194.88899805004914,495.02,2.7206779843750004,101.36805651893982,101.40456089901302,489.32,12.469462265625001,134.5589789168233,135.1355108634734,501.56,data_008-2326186,METALLICADOUR-Detection_and_Diagnostics_of_Multi-axis_Robot_Faults/METALLICADOUR-Detection_and_diagnostics_of_multi-axis_robot_positioning_drifts/Data_with_unique_drifts/Drifts_axis_6_0.155/Robot_tool_data-5mm_648mm_mn_9000rpm/data_008.csv,Robot_tool_data-5mm_648mm_mn_9000rpm,Robot_tool_data-5mm_648mm_mn_9000rpm,5.0,648.0,9000.0,1,0,1.0,train
-0.00019218749999999998,0.13125163672156565,0.13125177742844094,0.29,0.0006634218749999997,0.13285415862955052,0.13285581505432872,0.32,-0.00032293750000000004,0.13333889023413648,0.13333928129962302,0.38,83.45044775,159.18843972387432,179.73574094040686,354.88,59.66998196875,111.25161622685283,126.24352997772951,258.66,-29.087471796874997,36.19567674582234,46.434987139247305,154.27,-1.5258953046875,7.803227875470218,7.951020170857499,32.774,-10.5964791484375,20.326284432702593,22.922548051697884,92.263,-9.053147101562502,12.029017159391996,15.055122924223388,36.719,9.266378242187498,175.13002100695454,175.37499828545583,495.02,0.3770674374999999,78.38313586899328,78.38404281809841,489.2,4.9169364921875,101.19513380866107,101.31451707934566,501.56,data_000-6990908,METALLICADOUR-Detection_and_Diagnostics_of_Multi-axis_Robot_Faults/METALLICADOUR-Detection_and_diagnostics_of_multi-axis_robot_positioning_drifts/Data_with_unique_drifts/Drifts_axis_6_0.155/Robot_tool_data-5mm_648mm_mn_9000rpm/data_000.csv,Robot_tool_data-5mm_648mm_mn_9000rpm,Robot_tool_data-5mm_648mm_mn_9000rpm,5.0,648.0,9000.0,1,0,1.0,held_out
-0.0006367968750000001,0.13158231153346558,0.13158385242403417,0.298,0.0009318203124999999,0.13326544944430538,0.13326870714720504,0.333,-0.0001349375,0.13371013037068694,0.13371019845873763,0.391,-94.3537599609375,135.56369744109236,165.16703085866212,370.25,-139.2186436015625,92.45099178370096,167.1197672570448,270.37,-2.5525782578125007,36.2949399024026,36.384589021744816,173.73,-2.0706425,7.101122797479371,7.396857802316298,30.749,-0.10363936718750005,20.251295514618825,20.251560708717037,97.515,13.7465396640625,9.611999179195983,16.77372591157098,33.444,1.8253659531250004,206.29746585941425,206.30554132373425,495.02,0.680022609375,84.33662126091352,84.33936279375148,472.24,-2.8750145234374993,88.71560882819158,88.76218202740782,501.29,data_001-1320978,METALLICADOUR-Detection_and_Diagnostics_of_Multi-axis_Robot_Faults/METALLICADOUR-Detection_and_diagnostics_of_multi-axis_robot_positioning_drifts/Data_with_unique_drifts/Drifts_axis_6_0.155/Robot_tool_data-5mm_648mm_mn_9000rpm/data_001.csv,Robot_tool_data-5mm_648mm_mn_9000rpm,Robot_tool_data-5mm_648mm_mn_9000rpm,5.0,648.0,9000.0,1,0,1.0,held_out
-0.00026133593750000007,0.13111234171061195,0.13111260216055703,0.298,0.0005510703125,0.1327630613322967,0.13276420501329603,0.306,-0.00016478906249999992,0.1332426904392972,0.13324279234141523,0.363,177.8416248046875,54.865233040675044,186.11243190549854,350.49,64.2290012734375,92.4550446559103,112.57575177146099,251.49,-32.3611718828125,33.53988070149235,46.60653433907389,174.64,-1.8985159374999998,8.330495589405553,8.54409266862473,40.854,-13.366060328125,20.443901464346077,24.425492334423247,100.28,-9.9252742109375,10.337323291884662,14.330782288599677,35.791,8.436837921875,196.69797958872712,196.87883433321954,495.02,3.2002597421875,85.56858410586374,85.6284079514488,489.2,-0.5788373515624983,124.48985650115699,124.491202196614,501.56,data_003-448209,METALLICADOUR-Detection_and_Diagnostics_of_Multi-axis_Robot_Faults/METALLICADOUR-Detection_and_diagnostics_of_multi-axis_robot_positioning_drifts/Data_with_unique_drifts/Drifts_axis_6_0.155/Robot_tool_data-5mm_648mm_mn_9000rpm/data_003.csv,Robot_tool_data-5mm_648mm_mn_9000rpm,Robot_tool_data-5mm_648mm_mn_9000rpm,5.0,648.0,9000.0,1,0,1.0,train
-0.0005840390625,0.13139002239253547,0.1313913204360832,0.301,0.0005336406249999999,0.1330401186890945,0.13304118893457395,0.334,0.000185546875,0.13347341148092823,0.1334735404490343,0.385,-107.50887740625,119.57064499908118,160.79582664562034,377.2,128.33629434374998,102.55647386822992,164.28035420637053,275.69,-16.466719109374996,42.47167741407932,45.55212641131775,163.62,-0.23262014062499997,8.589134845773394,8.592284302134278,30.767,-3.8325109765625003,22.579531107241,22.90247509349887,99.202,-15.211404664062501,11.814895654240818,19.260804530820124,40.248,-10.642834914062501,181.3723160228714,181.68430574628155,495.02,-0.8483063437499999,87.0224485693958,87.02658317241912,480.99,5.956574367187501,104.96855434736693,105.1374252108542,501.56,data_002-1423932,METALLICADOUR-Detection_and_Diagnostics_of_Multi-axis_Robot_Faults/METALLICADOUR-Detection_and_diagnostics_of_multi-axis_robot_positioning_drifts/Data_with_unique_drifts/Drifts_axis_6_0.155/Robot_tool_data-5mm_648mm_mn_9000rpm/data_002.csv,Robot_tool_data-5mm_648mm_mn_9000rpm,Robot_tool_data-5mm_648mm_mn_9000rpm,5.0,648.0,9000.0,1,0,1.0,train
-0.00043977343750000017,0.13161115204081744,0.1316118867815043,0.286,0.0007472265625,0.13325518125818522,0.13325727627295816,0.351,-0.00022067968749999998,0.13367477398115557,0.13367495613778035,0.377,-132.6478487890625,108.76128762928394,171.53562159255964,383.7,99.7032452890625,116.46400170978221,153.31210263846464,270.94,-11.5999615625,48.82137843173356,50.180535073133846,197.87,-0.16270507031249998,9.584078531306128,9.585459521282662,36.517,-2.3642968203125,25.56483393434413,25.673929063256615,96.542,-11.914454703125001,13.417539778282451,17.943929463041517,39.36,3.730342515624997,189.46324911120897,189.4999689157228,495.02,-0.4111339609375,90.3819106934784,90.38284578246993,489.2,4.217432015624998,125.83019220132688,125.90084988684262,501.56,data_006-3014345,METALLICADOUR-Detection_and_Diagnostics_of_Multi-axis_Robot_Faults/METALLICADOUR-Detection_and_diagnostics_of_multi-axis_robot_positioning_drifts/Data_with_unique_drifts/Drifts_axis_6_0.155/Robot_tool_data-5mm_648mm_mn_9000rpm/data_006.csv,Robot_tool_data-5mm_648mm_mn_9000rpm,Robot_tool_data-5mm_648mm_mn_9000rpm,5.0,648.0,9000.0,1,0,1.0,held_out
-0.0005091015624999998,0.12914608822826018,0.12914709167868435,0.276,0.0008151562499999998,0.13034685562102405,0.13034940448655682,0.336,-0.00014199999999999993,0.13132606834374125,0.13132614511446303,0.388,-95.32553421875,108.53666495735432,144.45471648290012,414.41,-3.7327790468750006,24.51537496895714,24.79792832640177,176.75,-8.5414027890625,36.74526448231889,37.72492575845008,207.39,-0.585624203125,5.742599339852432,5.772382773635111,31.925,-3.0696824531250004,19.261641883288927,19.504712210209455,103.72,-0.988203265625,3.7077595806963517,3.837189961734694,24.059,-14.777014070312498,126.37538622725171,127.23638783351741,495.02,-1.3004251718750002,66.26715169387465,66.27991022358616,489.32,-6.991187671875,82.26697283578733,82.56349995383884,501.56,data_012-9419843,METALLICADOUR-Detection_and_Diagnostics_of_Multi-axis_Robot_Faults/METALLICADOUR-Detection_and_diagnostics_of_multi-axis_robot_positioning_drifts/Data_with_unique_drifts/Drifts_axis_6_0.155/Robot_tool_data-5mm_648mm_mn_9000rpm/data_012.csv,Robot_tool_data-5mm_648mm_mn_9000rpm,Robot_tool_data-5mm_648mm_mn_9000rpm,5.0,648.0,9000.0,1,0,1.0,train
-0.000557046875,0.13095107774004403,0.1309522625329551,0.279,0.0006961874999999999,0.1324926661690746,0.132494495227632,0.309,-4.007031250000032e-05,0.1330198471293196,0.13301985316462164,0.386,32.7645262734375,87.71892029294806,93.63825692142797,344.6,197.42989913281252,34.684811218967695,200.4534888718277,281.23,-19.887029156249998,41.983752248800926,46.45567114519211,159.1,-0.7011483906249999,11.782026478929632,11.802870710800615,45.461,-8.830942296875001,24.14189446651586,25.70635350031437,106.89,-23.5243144609375,5.304762219691462,24.11501343695539,40.358,-6.586020859375,158.84746472575364,158.98393856160337,495.02,0.3777099296874999,87.32054766099546,87.32136455992406,464.4,-4.1208784765625,120.0648017586182,120.1354995859046,501.56,data_007-3533066,METALLICADOUR-Detection_and_Diagnostics_of_Multi-axis_Robot_Faults/METALLICADOUR-Detection_and_diagnostics_of_multi-axis_robot_positioning_drifts/Data_with_unique_drifts/Drifts_axis_6_0.155/Robot_tool_data-5mm_648mm_mn_9000rpm/data_007.csv,Robot_tool_data-5mm_648mm_mn_9000rpm,Robot_tool_data-5mm_648mm_mn_9000rpm,5.0,648.0,9000.0,1,0,1.0,train
-0.0006593281249999998,0.13146428931291032,0.1314659426548374,0.305,0.0006522421874999999,0.13308523869992625,0.13308683698881532,0.342,0.00013075781249999985,0.13352542947490179,0.13352549349866677,0.379,-228.87019695312497,53.627531149236965,235.06909441805533,416.07,-59.992754359375,66.16511238429199,89.31378769512743,250.12,3.4996934843749994,52.03377428918255,52.15133288097412,199.03,0.4160502578125,8.868215096272056,8.877969182801518,34.113,4.364385453125,25.54749538140776,25.917607540945983,115.29,6.6939244375,7.919396710428749,10.369448810429095,35.662,10.585482265624998,235.487915895972,235.72571129985852,495.02,1.4855326718749988,114.63525206688377,114.6448770061584,489.32,4.97312121875,128.59926407363773,128.69538707715049,501.56,data_011-9173276,METALLICADOUR-Detection_and_Diagnostics_of_Multi-axis_Robot_Faults/METALLICADOUR-Detection_and_diagnostics_of_multi-axis_robot_positioning_drifts/Data_with_unique_drifts/Drifts_axis_6_0.155/Robot_tool_data-5mm_648mm_mn_9000rpm/data_011.csv,Robot_tool_data-5mm_648mm_mn_9000rpm,Robot_tool_data-5mm_648mm_mn_9000rpm,5.0,648.0,9000.0,1,0,1.0,train
-0.00043977343750000017,0.13161115204081744,0.1316118867815043,0.286,0.0007472265625,0.13325518125818522,0.13325727627295816,0.351,-0.00022067968749999998,0.13367477398115557,0.13367495613778035,0.377,-213.60516582031252,50.84542448115427,219.57327718962514,377.95,-66.527621921875,92.52947755893834,113.96327783944271,249.03,-0.5676060781249999,42.85075357149853,42.85451269475851,174.48,-0.11692684375,7.895420785881684,7.896286549570113,39.546,3.4969174765625,21.674453179575707,21.954734169912143,86.849,7.0869873359375,10.304389235458443,12.50623152734549,32.251,-7.687469578125001,224.06208217250133,224.1939202030049,495.02,0.02665080468749946,99.48770753337236,99.48771110298611,489.2,-2.2486896718750002,114.76185743309175,114.78388618065549,501.56,data_005-7899658,METALLICADOUR-Detection_and_Diagnostics_of_Multi-axis_Robot_Faults/METALLICADOUR-Detection_and_diagnostics_of_multi-axis_robot_positioning_drifts/Data_with_unique_drifts/Drifts_axis_6_0.155/Robot_tool_data-5mm_648mm_mn_9000rpm/data_005.csv,Robot_tool_data-5mm_648mm_mn_9000rpm,Robot_tool_data-5mm_648mm_mn_9000rpm,5.0,648.0,9000.0,1,0,1.0,train
-0.0007663437499999999,0.13147708681698814,0.13147932020141037,0.284,0.000870703125,0.13309851685337487,0.13310136480329568,0.353,-1.5507812499999914e-05,0.13359108538912787,0.13359108628923377,0.382,47.11383811718749,103.82498261576924,114.01465150276668,313.59,-201.5950066640625,42.985109114967194,206.1268209561993,298.11,-8.262575617187498,33.61758967272264,34.618094852739794,144.82,-2.948173125,7.989569270636143,8.516157696124798,33.865,-4.8231775390625,21.085069633426787,21.629683377705128,102.32,19.845328046875,5.8939122805663,20.702059010134562,38.394,8.6442195234375,225.67510318919554,225.8405958427834,495.02,-2.3441309843750004,101.6964831829012,101.72349601661365,489.32,-2.3626925312499996,103.13339596832647,103.16045598947711,501.29,data_004-6077136,METALLICADOUR-Detection_and_Diagnostics_of_Multi-axis_Robot_Faults/METALLICADOUR-Detection_and_diagnostics_of_multi-axis_robot_positioning_drifts/Data_with_unique_drifts/Drifts_axis_6_0.155/Robot_tool_data-5mm_648mm_mn_9000rpm/data_004.csv,Robot_tool_data-5mm_648mm_mn_9000rpm,Robot_tool_data-5mm_648mm_mn_9000rpm,5.0,648.0,9000.0,1,0,1.0,train
-0.00026726562499999987,0.13143884993490582,0.13143912166141783,0.295,0.00043047656249999987,0.1330445216045803,0.1330452180240331,0.323,-5.835156250000004e-05,0.13348604816995915,0.13348606092374402,0.384,-21.947814257812503,76.6094124081602,79.69133340720938,308.39,-232.050320859375,26.030443560605974,233.50575025660672,307.72,-1.0010452734375004,36.42483722097364,36.43859023362318,165.72,-1.5665457109375003,10.227661766793334,10.346938227339662,39.848,-2.1182777421875,22.173772033974018,22.274722597772016,101.23,24.14069503125,4.171247289324524,24.498417510943757,40.31,-0.3753909765624994,223.1275433730025,223.12785915267597,495.02,-2.560094500000001,108.65923529593162,108.68939000171802,489.32,3.047067046875001,121.89783414099901,121.93591179736451,501.56,data_010-7447493,METALLICADOUR-Detection_and_Diagnostics_of_Multi-axis_Robot_Faults/METALLICADOUR-Detection_and_diagnostics_of_multi-axis_robot_positioning_drifts/Data_with_unique_drifts/Drifts_axis_6_0.155/Robot_tool_data-5mm_648mm_mn_9000rpm/data_010.csv,Robot_tool_data-5mm_648mm_mn_9000rpm,Robot_tool_data-5mm_648mm_mn_9000rpm,5.0,648.0,9000.0,1,0,1.0,held_out
-0.000535296875,0.13026195442167915,0.1302630542882363,0.283,0.0003859296874999999,0.1318522789804515,0.1318528437845104,0.333,0.0002684453125,0.1322915553495449,0.13229182771315656,0.346,104.40739021875,98.82161563209976,143.7588774595461,445.37,-139.7235072421875,86.80117023958636,164.490430211059,302.65,-18.625074875,47.70190438032751,51.20903333992223,227.21,-2.4489447421875004,10.344513214946579,10.630441383333627,42.047,-11.3560675234375,30.180461647970276,32.24624838460246,148.75,11.8041891640625,10.458834403567925,15.771052561646815,37.85,7.809038632812497,188.38222777181002,188.5440129641853,495.02,-4.652502109375001,128.52952571336928,128.61370360883552,489.32,-0.2898660703124974,160.72576461290927,160.72602599685914,501.56,data_009-6190964,METALLICADOUR-Detection_and_Diagnostics_of_Multi-axis_Robot_Faults/METALLICADOUR-Detection_and_diagnostics_of_multi-axis_robot_positioning_drifts/Data_with_unique_drifts/Drifts_axis_1_0.065/Robot_tool_data-5mm_648mm_mn_9000rpm/data_009.csv,Robot_tool_data-5mm_648mm_mn_9000rpm,Robot_tool_data-5mm_648mm_mn_9000rpm,5.0,648.0,9000.0,1,0,1.0,train
-0.000974046875,0.13000631408295252,0.13000996295957476,0.277,0.0008510859374999998,0.1315973927170082,0.13160014482206125,0.313,0.00025698437499999994,0.13202137323282545,0.13202162334727593,0.35,200.83597829687503,59.765643224727924,209.5400255047429,399.61,16.1574275078125,26.24580038832066,30.820520788815188,167.2,-35.90612178125,46.10484787464615,58.4372020113405,220.22,-1.6285671875,10.57910133470045,10.70371973353481,41.495,-16.7165580625,30.27149575470355,34.58043910484609,143.58,-5.501868125,5.383349041806734,7.697467100989292,32.089,-7.041210929687498,173.30696261037951,173.44994073389543,495.02,4.5591569921875,138.97498466372656,139.04974748183633,489.32,-1.463412585937498,177.0211892784096,177.02723810176556,501.56,data_008-4427290,METALLICADOUR-Detection_and_Diagnostics_of_Multi-axis_Robot_Faults/METALLICADOUR-Detection_and_diagnostics_of_multi-axis_robot_positioning_drifts/Data_with_unique_drifts/Drifts_axis_1_0.065/Robot_tool_data-5mm_648mm_mn_9000rpm/data_008.csv,Robot_tool_data-5mm_648mm_mn_9000rpm,Robot_tool_data-5mm_648mm_mn_9000rpm,5.0,648.0,9000.0,1,0,1.0,train
-0.0005324374999999999,0.130066790454207,0.13006788023470667,0.29,0.0003525156250000001,0.13169379955832825,0.1316942713612669,0.314,0.0002490703124999997,0.1321112794552075,0.1321115142419937,0.368,81.8227266328125,148.59942829318197,169.63710880196143,372.23,51.1245434765625,106.14364296634743,117.81422616922953,262.96,-36.897521359375,40.73356890903274,54.9604468552836,219.79,-1.040779,9.281895241636887,9.340064250505051,41.205,-13.641243218750002,23.958757970304752,27.57001269554902,136.43,-8.7321376328125,11.572394072232823,14.497259472101259,40.446,5.0624214140625,166.19686438878009,166.27394817961147,495.02,0.07372636718750004,84.2631325680453,84.26316482163007,489.2,1.2979173437500013,101.99374643025062,102.00200439358763,501.29,data_000-6007836,METALLICADOUR-Detection_and_Diagnostics_of_Multi-axis_Robot_Faults/METALLICADOUR-Detection_and_diagnostics_of_multi-axis_robot_positioning_drifts/Data_with_unique_drifts/Drifts_axis_1_0.065/Robot_tool_data-5mm_648mm_mn_9000rpm/data_000.csv,Robot_tool_data-5mm_648mm_mn_9000rpm,Robot_tool_data-5mm_648mm_mn_9000rpm,5.0,648.0,9000.0,1,0,1.0,held_out
-0.0004977187499999999,0.1304488974217333,0.13044984692401904,0.291,0.000751859375,0.13201828976501787,0.13202043071055328,0.324,-0.00012258593750000014,0.13244418864374694,0.1324442453744688,0.35,-88.518837953125,127.67258932352017,155.35724874348105,384.03,-130.8227884609375,88.09346268585354,157.71829363989158,280.3,-14.420606906249999,44.458925920990644,46.73916984278517,208.69,-1.6977727968749998,8.25471183052371,8.42749665528245,33.797,-4.697923796875,24.955618164108284,25.393963179346695,114.81,11.77027653125,9.410303829230015,15.069612728285874,33.081,1.1355020390624986,188.02801416122736,188.03144278097594,495.02,0.15507668749999812,104.45030152561094,104.45041664622524,489.32,4.324275085937499,125.72281813896316,125.79716354442043,501.56,data_001-6145140,METALLICADOUR-Detection_and_Diagnostics_of_Multi-axis_Robot_Faults/METALLICADOUR-Detection_and_diagnostics_of_multi-axis_robot_positioning_drifts/Data_with_unique_drifts/Drifts_axis_1_0.065/Robot_tool_data-5mm_648mm_mn_9000rpm/data_001.csv,Robot_tool_data-5mm_648mm_mn_9000rpm,Robot_tool_data-5mm_648mm_mn_9000rpm,5.0,648.0,9000.0,1,0,1.0,train
-0.0003841796874999999,0.13022770517455265,0.13022827185009597,0.282,0.0003671015625,0.1318498484091101,0.13185035945746412,0.317,0.00011032031250000001,0.1322266366167995,0.132226682638424,0.349,174.7723720078125,58.73438617904995,184.37762916652056,374.0,62.5583116484375,90.8641312682122,110.31696473086055,257.28,-40.3728915546875,41.180715496027354,57.669937586677726,219.58,-1.378691921875,9.515188397085229,9.61455155727342,42.238,-16.7841948515625,25.19322145359541,30.2722249599384,124.83,-10.454369757812502,10.27599639665128,14.65912510953688,40.369,-1.1811104999999962,189.67291450759026,189.676591913227,495.02,-10.456036484375002,124.40725561321378,124.84588078176266,489.32,-2.915608742187502,169.64844906621997,169.67350130445047,501.56,data_003-5210315,METALLICADOUR-Detection_and_Diagnostics_of_Multi-axis_Robot_Faults/METALLICADOUR-Detection_and_diagnostics_of_multi-axis_robot_positioning_drifts/Data_with_unique_drifts/Drifts_axis_1_0.065/Robot_tool_data-5mm_648mm_mn_9000rpm/data_003.csv,Robot_tool_data-5mm_648mm_mn_9000rpm,Robot_tool_data-5mm_648mm_mn_9000rpm,5.0,648.0,9000.0,1,0,1.0,train
-0.00091940625,0.13047740257520632,0.130480641823318,0.29,0.0007297031249999999,0.13206430424313895,0.1320663201648134,0.33,0.00032407031249999987,0.13245094823884823,0.13245134469282485,0.338,-95.68875777343749,121.68921072898289,154.80504633915007,399.6,130.8442273984375,101.10015812839406,165.35251379123423,285.83,-26.7547840625,51.9865440039669,58.46724918881844,224.29,0.5736354609375001,9.452871886211868,9.470261059716341,36.978,-7.3034662265625,27.682957953676684,28.630172545543108,103.76,-16.1395935625,11.698795638650925,19.933597260846057,41.05,6.224369851562502,182.36462990711468,182.47082238321815,495.02,12.921987734374998,130.8483827329294,131.4848927855612,489.32,7.8782463593750025,134.06952818154528,134.3008010122098,501.56,data_002-9971656,METALLICADOUR-Detection_and_Diagnostics_of_Multi-axis_Robot_Faults/METALLICADOUR-Detection_and_diagnostics_of_multi-axis_robot_positioning_drifts/Data_with_unique_drifts/Drifts_axis_1_0.065/Robot_tool_data-5mm_648mm_mn_9000rpm/data_002.csv,Robot_tool_data-5mm_648mm_mn_9000rpm,Robot_tool_data-5mm_648mm_mn_9000rpm,5.0,648.0,9000.0,1,0,1.0,train
-0.0009589765625,0.13059630239746484,0.13059982326150943,0.302,0.0008142265625,0.1322254668730363,0.1322279737978598,0.336,0.0002367109375000002,0.13261880902418996,0.13261902027636344,0.337,-133.82828407031252,124.2034294455975,182.58286201955477,450.86,104.85591614062501,118.33693266812398,158.10880046028396,290.2,-22.0539603125,56.015826273159206,60.20091326990047,253.92,0.4669241640625,10.803160477301763,10.813246250470776,39.235,-5.680226109375,29.95521286564013,30.489010257458954,120.19,-13.164367359375001,13.63794973487241,18.9550584526528,43.238,-30.194566210937502,214.20214654166878,216.31983591831158,495.02,-28.606595296875003,145.72308838422845,148.5043965097224,489.32,-28.993534789062497,152.67226867684835,155.40092239912977,501.56,data_006-7230094,METALLICADOUR-Detection_and_Diagnostics_of_Multi-axis_Robot_Faults/METALLICADOUR-Detection_and_diagnostics_of_multi-axis_robot_positioning_drifts/Data_with_unique_drifts/Drifts_axis_1_0.065/Robot_tool_data-5mm_648mm_mn_9000rpm/data_006.csv,Robot_tool_data-5mm_648mm_mn_9000rpm,Robot_tool_data-5mm_648mm_mn_9000rpm,5.0,648.0,9000.0,1,0,1.0,train
-0.00049703125,0.12800481872252514,0.12800578368280865,0.3,0.0004792343749999999,0.1293466350187117,0.12934752280677816,0.349,0.0001449140624999999,0.13011203852921138,0.13011211922919594,0.312,-88.433248890625,107.72631695824685,139.3750295954763,421.69,-0.4314368124999999,30.518183065663514,30.521232533312464,202.21,-22.241271664062502,44.50717244908718,49.755025521523095,230.81,-0.07211696093749999,6.7856396601976074,6.786022874563684,38.349,-7.495622296875001,24.09852420985463,25.23733786892665,124.86,-2.4605461640625,4.396572112514561,5.038266940727083,28.3,-3.7233888359375005,123.26786140076638,123.3240823146158,495.02,-1.373774328125,77.87039637445216,77.88251336095225,489.32,-5.248377546875001,88.56029412179966,88.71567596436496,501.56,data_012-6070668,METALLICADOUR-Detection_and_Diagnostics_of_Multi-axis_Robot_Faults/METALLICADOUR-Detection_and_diagnostics_of_multi-axis_robot_positioning_drifts/Data_with_unique_drifts/Drifts_axis_1_0.065/Robot_tool_data-5mm_648mm_mn_9000rpm/data_012.csv,Robot_tool_data-5mm_648mm_mn_9000rpm,Robot_tool_data-5mm_648mm_mn_9000rpm,5.0,648.0,9000.0,1,0,1.0,held_out
-0.00029570312500000007,0.13032653568407268,0.130326871150005,0.279,0.0005045156249999999,0.13189389525148285,0.13189486017515997,0.327,-4.917968750000018e-05,0.13229881268995136,0.13229882183078012,0.343,42.367864421875,92.01037721207936,101.29632495988942,363.94,202.8013605390625,39.31497401470754,206.57700505688416,310.46,-32.2650221328125,56.641093634142564,65.18623429300534,250.29,0.05354481250000003,12.715424948649646,12.715537687085336,44.873,-12.431087304687498,30.915608258562052,33.32126596595083,125.03,-24.7265555546875,6.080816734820758,25.463284975853437,46.882,-0.33875756249999994,167.02164520592927,167.02198874394193,495.02,7.033424781250001,126.45625468971052,126.65170118992653,489.32,7.5521747421875,148.54642610179977,148.738280381864,501.56,data_007-8058518,METALLICADOUR-Detection_and_Diagnostics_of_Multi-axis_Robot_Faults/METALLICADOUR-Detection_and_diagnostics_of_multi-axis_robot_positioning_drifts/Data_with_unique_drifts/Drifts_axis_1_0.065/Robot_tool_data-5mm_648mm_mn_9000rpm/data_007.csv,Robot_tool_data-5mm_648mm_mn_9000rpm,Robot_tool_data-5mm_648mm_mn_9000rpm,5.0,648.0,9000.0,1,0,1.0,held_out
-0.0009221171874999999,0.13038891604141442,0.1303921766309716,0.295,0.0007898046874999999,0.13198269428742582,0.13198505742246924,0.339,0.0002798046875000001,0.1323961052520026,0.132396400919974,0.362,-207.11977640625003,64.09847424912353,216.8114761253208,459.59,-51.6953492421875,60.75443935413813,79.77161797599058,246.9,-9.0191347265625,61.82099326409904,62.47543516755737,215.89,0.35939255468750003,11.247785986405109,11.253526229779533,46.793,-0.78749659375,33.16655453639259,33.1759022590294,144.66,4.4322704609375005,7.938999735366891,9.092455017048733,35.266,-8.7234795,177.0486895727504,177.26346937261226,495.02,-15.763662226562499,125.10347288172716,126.0927118189715,489.32,-11.093006124999999,129.73280984903457,130.20620851639544,501.56,data_011-4019782,METALLICADOUR-Detection_and_Diagnostics_of_Multi-axis_Robot_Faults/METALLICADOUR-Detection_and_diagnostics_of_multi-axis_robot_positioning_drifts/Data_with_unique_drifts/Drifts_axis_1_0.065/Robot_tool_data-5mm_648mm_mn_9000rpm/data_011.csv,Robot_tool_data-5mm_648mm_mn_9000rpm,Robot_tool_data-5mm_648mm_mn_9000rpm,5.0,648.0,9000.0,1,0,1.0,train
-0.00057959375,0.1312079412105455,0.13120922134371882,0.285,0.00032276562500000003,0.13289142805492127,0.1328918200196122,0.33,0.0003160546875,0.1331729392852467,0.13317331432549653,0.362,-221.492903859375,66.15058640868628,231.16013181833802,469.32,-67.26122121875,101.80272889586038,122.0158493413117,286.33,-8.2162869453125,49.062281107319336,49.745500285164844,199.17,-0.021524109374999965,10.344084759747506,10.344107153550034,45.464,0.12772246093749992,27.663202717024628,27.66349756611095,105.88,6.077450234375001,11.442192040556588,12.956047238424274,35.13,8.95090953125,234.31405604282,234.48495823970117,495.02,1.3903134140625033,203.51533945709042,203.52008835916928,489.32,14.347363445312498,200.20735536326876,200.72078113485426,501.56,data_005-1564927,METALLICADOUR-Detection_and_Diagnostics_of_Multi-axis_Robot_Faults/METALLICADOUR-Detection_and_diagnostics_of_multi-axis_robot_positioning_drifts/Data_with_unique_drifts/Drifts_axis_1_0.065/Robot_tool_data-5mm_648mm_mn_9000rpm/data_005.csv,Robot_tool_data-5mm_648mm_mn_9000rpm,Robot_tool_data-5mm_648mm_mn_9000rpm,5.0,648.0,9000.0,1,0,1.0,train
-0.0007534140624999999,0.13058878559025627,0.13059095893164846,0.299,0.0009323437499999998,0.13220139625825378,0.13220468387126078,0.33,-5.782031249999997e-05,0.1326234378758105,0.13262345047987364,0.357,43.173063414062504,101.87103567534122,110.64186058685611,341.48,-196.7577312890625,44.09979484151725,201.63927377146257,310.1,-19.6646006015625,44.372425965181044,48.53461345116952,189.02,-2.7646274921875,8.633515666974954,9.065360331639384,35.399,-9.3889609765625,25.728760881281413,27.388350163994367,128.69,18.202067367187496,6.222049081916823,19.236141796561338,38.076,32.907874929687495,223.84835420960295,226.25431247765383,495.02,30.096874015624998,178.9373698581334,181.45083123882026,489.32,23.516631414062502,191.16151132858036,192.60258400782638,501.56,data_004-1728389,METALLICADOUR-Detection_and_Diagnostics_of_Multi-axis_Robot_Faults/METALLICADOUR-Detection_and_diagnostics_of_multi-axis_robot_positioning_drifts/Data_with_unique_drifts/Drifts_axis_1_0.065/Robot_tool_data-5mm_648mm_mn_9000rpm/data_004.csv,Robot_tool_data-5mm_648mm_mn_9000rpm,Robot_tool_data-5mm_648mm_mn_9000rpm,5.0,648.0,9000.0,1,0,1.0,train
-0.0005067890625000002,0.13032936557826724,0.13033035090564093,0.293,0.0007324453125,0.1318574502556708,0.13185948454344307,0.305,-0.00012907812499999993,0.1323070122672553,0.1323070752312589,0.352,-19.662760570312496,79.61238670717029,82.00461127557072,375.06,-216.5190934375,27.70241791979798,218.28408503965653,301.7,-13.649178804687502,48.71643373154089,50.592400591017075,202.26,-1.6163761328125001,11.68328687484822,11.79456925888888,48.958,-7.1561281484374994,28.482966241376037,29.36817215940118,132.11,21.1650951328125,4.867245120200318,21.71753501300544,39.277,2.412223085937499,173.9786796167512,173.99540160994053,495.02,12.647332968750002,136.75665169778313,137.34022285845904,489.32,3.0130761640625043,156.41278765778628,156.44180633977027,501.56,data_010-3665901,METALLICADOUR-Detection_and_Diagnostics_of_Multi-axis_Robot_Faults/METALLICADOUR-Detection_and_diagnostics_of_multi-axis_robot_positioning_drifts/Data_with_unique_drifts/Drifts_axis_1_0.065/Robot_tool_data-5mm_648mm_mn_9000rpm/data_010.csv,Robot_tool_data-5mm_648mm_mn_9000rpm,Robot_tool_data-5mm_648mm_mn_9000rpm,5.0,648.0,9000.0,1,0,1.0,train
-0.0004931249999999997,0.1302906757489168,0.13029160893693423,0.284,0.0003979921874999999,0.13183252544907567,0.1318331262015071,0.326,0.00018392187500000003,0.1323684253593692,0.1323685531362151,0.35,-77.13245260156252,102.85277166600667,128.56168902014315,377.25,-142.5023991640625,74.5187867392614,160.81039563599526,289.51,33.4473278125,51.6289513758341,61.51643973739929,252.11,-3.189676265625,12.024005488199135,12.439885154603894,49.744,20.203411874999997,30.564432387967557,36.63826385883385,156.97,16.4254418984375,8.652374255439181,18.5649864480191,38.418,-6.229060625,172.58705143762774,172.69942536153465,495.02,1.3416967421875006,100.16602574622894,100.17501117515383,489.32,2.175214718749999,119.11244707590205,119.13230715251945,501.56,data_009-501345,METALLICADOUR-Detection_and_Diagnostics_of_Multi-axis_Robot_Faults/METALLICADOUR-Detection_and_diagnostics_of_multi-axis_robot_positioning_drifts/Data_with_unique_drifts/Healthy_robot/Robot_tool_data-5mm_648mm_mn_9000rpm/data_009.csv,Robot_tool_data-5mm_648mm_mn_9000rpm,Robot_tool_data-5mm_648mm_mn_9000rpm,5.0,648.0,9000.0,0,0,,train
-0.0008943984375,0.13025814302711558,0.13026121361878024,0.278,0.0007012578125,0.1317826167938811,0.13178448259018397,0.321,0.0003580546874999999,0.1323231628023917,0.1323236472335444,0.374,54.099528656249994,76.683164421451,93.8459733100771,399.93,-192.3659229296875,32.49731765150692,195.0915783911069,275.09,27.090899359375,46.50225869850332,53.817997846095246,246.87,-4.8971768828125,11.089310346422232,12.12250573853526,45.348,15.336707062500002,29.548290947337644,33.2913814887495,139.46,20.645989671875,5.538714849026878,21.37602048347634,39.169,4.6531758984375005,188.3829322162744,188.44039162648554,495.02,2.9682279531250013,107.48805452921592,107.52902977176632,489.32,-0.9209661015625001,116.49878862506233,116.50242885737266,501.56,data_008-693195,METALLICADOUR-Detection_and_Diagnostics_of_Multi-axis_Robot_Faults/METALLICADOUR-Detection_and_diagnostics_of_multi-axis_robot_positioning_drifts/Data_with_unique_drifts/Healthy_robot/Robot_tool_data-5mm_648mm_mn_9000rpm/data_008.csv,Robot_tool_data-5mm_648mm_mn_9000rpm,Robot_tool_data-5mm_648mm_mn_9000rpm,5.0,648.0,9000.0,0,0,,held_out
-0.00046208593749999993,0.13052416179590606,0.13052497973927252,0.299,0.0007029687499999999,0.13204589859187799,0.13204776976533908,0.32,-0.00016296875000000003,0.13252620143272242,0.13252630163480758,0.349,-164.1007645859375,54.847999985670434,173.02417183768682,361.72,-27.774424773437506,90.43837759419877,94.6071816162294,236.7,22.467764453124996,46.54183321057773,51.681163668423174,213.68,-2.9439223046875,8.816937266478543,9.295432281344137,42.483,21.762068546875,25.605991311166527,33.604380941574,128.21,4.0340053671875005,10.0754092973605,10.852975251599716,31.931,0.6406198281250004,156.9101624376565,156.91147016702104,495.02,0.22379170312499896,91.65575293254308,91.65602614317166,489.32,-0.4626346328125,91.75545651221682,91.75662281584249,488.85,data_000-3968813,METALLICADOUR-Detection_and_Diagnostics_of_Multi-axis_Robot_Faults/METALLICADOUR-Detection_and_diagnostics_of_multi-axis_robot_positioning_drifts/Data_with_unique_drifts/Healthy_robot/Robot_tool_data-5mm_648mm_mn_9000rpm/data_000.csv,Robot_tool_data-5mm_648mm_mn_9000rpm,Robot_tool_data-5mm_648mm_mn_9000rpm,5.0,648.0,9000.0,0,0,,train
-0.0007443671875,0.13027676921530437,0.13027889575709298,0.28,0.0008068984375,0.13184886317143224,0.1318513322067225,0.318,0.00012275781250000012,0.13237799896586658,0.1323780558842269,0.352,83.6112395625,98.20247469343235,128.97505734479046,361.84,182.281645109375,40.10682372373309,186.6417837810889,277.04,0.8354762265625,48.45353261625188,48.46073506994437,206.68,-2.104744375,11.495004121591512,11.68610579446806,43.934,9.942757210937499,26.513231796815834,28.31624765514202,119.74,-19.6995338359375,5.779914164957557,20.52995472736176,38.009,-0.13387520312499998,142.38617699333284,142.38623992980052,495.02,-0.2012732578125,85.09937343376554,85.09961145471694,448.62,4.77100346875,98.43428971442147,98.5498445746186,501.56,data_001-221719,METALLICADOUR-Detection_and_Diagnostics_of_Multi-axis_Robot_Faults/METALLICADOUR-Detection_and_diagnostics_of_multi-axis_robot_positioning_drifts/Data_with_unique_drifts/Healthy_robot/Robot_tool_data-5mm_648mm_mn_9000rpm/data_001.csv,Robot_tool_data-5mm_648mm_mn_9000rpm,Robot_tool_data-5mm_648mm_mn_9000rpm,5.0,648.0,9000.0,0,0,,train
-0.0006886640624999999,0.1303712175251751,0.13037303638861641,0.285,0.0006269765624999999,0.13188753584523283,0.13188902612021025,0.322,0.0002089062500000001,0.13242850140048673,0.13242866617541688,0.359,-59.018647453125,94.41665207439927,111.3449816387538,354.24,-166.9182649609375,42.42921442611771,172.22643645615852,261.61,26.399859539062497,47.373932054404904,54.2332188052452,212.41,-4.1236038984375,10.731468319561493,11.496456906584783,44.693,19.063441132812503,27.455937171885697,33.425189211293066,136.34,18.564658226562504,5.604979109877884,19.392326469282693,37.589,0.2964040468749995,159.62969812403028,159.62997330867424,495.02,0.3477797031250006,87.37517445321069,87.37586658483512,460.95,2.9958465156249994,99.94566395178246,99.99055374938081,501.56,data_003-3579686,METALLICADOUR-Detection_and_Diagnostics_of_Multi-axis_Robot_Faults/METALLICADOUR-Detection_and_diagnostics_of_multi-axis_robot_positioning_drifts/Data_with_unique_drifts/Healthy_robot/Robot_tool_data-5mm_648mm_mn_9000rpm/data_003.csv,Robot_tool_data-5mm_648mm_mn_9000rpm,Robot_tool_data-5mm_648mm_mn_9000rpm,5.0,648.0,9000.0,0,0,,held_out
-0.000766953125,0.13021006742147112,0.1302123261254479,0.273,0.0006296718749999999,0.13174962006901514,0.1317511247580073,0.323,0.00027623437500000006,0.13228438349421698,0.13228467190825627,0.322,185.73448472656253,65.68919069429383,197.0085495371025,430.44,-60.757062171875006,85.90943620167344,105.22286743976561,229.78,6.640565140625,41.76663074226942,42.291234895046145,217.7,-5.03353840625,9.541455101929387,10.787765030316898,38.107,8.90875925,25.84943659763192,27.341531847894938,116.5,5.4853366015625,10.136062831467513,11.525132856323108,30.889,2.6991731171874993,146.7836544737021,146.80846963364107,495.02,0.2905623125,73.57586986342913,73.5764435985982,459.83,-3.507711281249999,98.9240806464136,98.98625040969453,501.56,data_002-7236378,METALLICADOUR-Detection_and_Diagnostics_of_Multi-axis_Robot_Faults/METALLICADOUR-Detection_and_diagnostics_of_multi-axis_robot_positioning_drifts/Data_with_unique_drifts/Healthy_robot/Robot_tool_data-5mm_648mm_mn_9000rpm/data_002.csv,Robot_tool_data-5mm_648mm_mn_9000rpm,Robot_tool_data-5mm_648mm_mn_9000rpm,5.0,648.0,9000.0,0,0,,train
-0.0006825312499999998,0.1301348785077151,0.1301366683649347,0.289,0.00077784375,0.13164662360264157,0.13164892155606517,0.304,5.253906250000018e-05,0.132208624957241,0.13220863539662414,0.341,158.6760506796875,94.30366363929488,184.5840459928648,426.36,113.13963984374999,83.98921808819611,140.90694397026726,287.69,7.048606960937501,48.61655389099266,49.12486307691422,228.76,-3.731186265625,12.666204040553971,13.20433549050214,43.939,8.851184046875,29.76181534299868,31.050106465878763,123.94,-13.05318009375,9.852306226145132,16.354004052023754,39.951,-2.777886640624999,151.26733097587413,151.29283550371053,495.02,1.8022240312499995,111.29005349631765,111.30464509027493,489.32,7.295282531250001,139.42349914137094,139.61423014877326,501.56,data_006-7362769,METALLICADOUR-Detection_and_Diagnostics_of_Multi-axis_Robot_Faults/METALLICADOUR-Detection_and_diagnostics_of_multi-axis_robot_positioning_drifts/Data_with_unique_drifts/Healthy_robot/Robot_tool_data-5mm_648mm_mn_9000rpm/data_006.csv,Robot_tool_data-5mm_648mm_mn_9000rpm,Robot_tool_data-5mm_648mm_mn_9000rpm,5.0,648.0,9000.0,0,0,,held_out
-0.0006374921874999999,0.13002527699796826,0.13002683974736715,0.268,0.0006651796875,0.13154723627625492,0.13154891803408153,0.32,0.00013154687499999996,0.13211710262034465,0.1321171681098827,0.355,209.54164466406252,66.38633760350781,219.80638450447054,422.84,-15.2054638359375,58.55622247151014,60.49824229346662,191.04,12.609121437500002,44.33276073980223,46.09103620269533,223.73,-4.3360838359375,11.16593529473242,11.978302635950959,43.285,8.860309328125,30.419022807570396,31.683150568678407,131.19,0.6922524296874999,7.712272618712953,7.743278528618083,27.756,1.4897238125000003,147.14297224071592,147.15051327423097,495.02,-2.8519207265625,87.00784990084787,87.0545771122867,489.2,-9.448166874999998,127.49892135987274,127.8485150685328,501.56,data_007-9415507,METALLICADOUR-Detection_and_Diagnostics_of_Multi-axis_Robot_Faults/METALLICADOUR-Detection_and_diagnostics_of_multi-axis_robot_positioning_drifts/Data_with_unique_drifts/Healthy_robot/Robot_tool_data-5mm_648mm_mn_9000rpm/data_007.csv,Robot_tool_data-5mm_648mm_mn_9000rpm,Robot_tool_data-5mm_648mm_mn_9000rpm,5.0,648.0,9000.0,0,0,,train
-0.00045181250000000007,0.1302482621279065,0.1302490457618596,0.293,0.0005918906250000002,0.1317540321721238,0.13175536166746687,0.329,-4.482031250000013e-05,0.13225991544427618,0.13225992303864198,0.344,-4.957403390625001,76.2859917884666,76.44689916227718,392.67,201.9950711015625,54.49714152029213,209.21746385808248,290.93,12.895569250000001,57.8096830516956,59.230525582836485,254.81,-1.8386117734374998,12.376377257607805,12.512202335162852,36.759,14.032720015625,31.95220146390346,34.89785680277224,144.6,-21.35680525,7.663069606689154,22.689992646173128,40.828,5.4251811171875,168.8471564385433,168.9342914494751,495.02,-2.0581211640624995,97.56745871547125,97.58916365519866,489.2,-4.052390999999997,129.20422746392245,129.2677619028267,501.56,data_005-6282919,METALLICADOUR-Detection_and_Diagnostics_of_Multi-axis_Robot_Faults/METALLICADOUR-Detection_and_diagnostics_of_multi-axis_robot_positioning_drifts/Data_with_unique_drifts/Healthy_robot/Robot_tool_data-5mm_648mm_mn_9000rpm/data_005.csv,Robot_tool_data-5mm_648mm_mn_9000rpm,Robot_tool_data-5mm_648mm_mn_9000rpm,5.0,648.0,9000.0,0,0,,train
-0.0005272578125000001,0.1304818334726588,0.13048289875377347,0.275,0.0004158359374999999,0.13206476971844378,0.1320654243937924,0.33,0.00023862499999999996,0.13256568446899963,0.13256589923741702,0.334,-185.77724926562502,51.85238377584328,192.87782673998456,395.71,9.323933289062499,42.12657011206335,43.14607330204542,143.66,25.742643796874997,52.884082333823024,58.816748243534846,232.26,-2.4821857578125,10.17869795322881,10.476981347666491,53.177,22.3245828125,29.41949474166431,36.930931055241274,138.24,0.1872791015625001,6.038963234378285,6.041866467247905,23.713,-1.909817296875001,162.83245491626226,162.84365439329846,495.02,3.66128003125,97.4737577610167,97.5424954751548,489.32,5.6296722656250004,114.65696502600368,114.79509065631935,501.56,data_004-9122857,METALLICADOUR-Detection_and_Diagnostics_of_Multi-axis_Robot_Faults/METALLICADOUR-Detection_and_diagnostics_of_multi-axis_robot_positioning_drifts/Data_with_unique_drifts/Healthy_robot/Robot_tool_data-5mm_648mm_mn_9000rpm/data_004.csv,Robot_tool_data-5mm_648mm_mn_9000rpm,Robot_tool_data-5mm_648mm_mn_9000rpm,5.0,648.0,9000.0,0,0,,train
-0.0006667109375,0.130073397986342,0.13007510663915484,0.299,0.000880171875,0.13154713093353826,0.13155007548220943,0.33,-6.366406250000012e-05,0.1321558700988142,0.13215588543340587,0.342,-177.05869545312498,69.7801031006407,190.31301695968807,386.45,-3.7068886171875004,21.902532711735255,22.21400374558506,103.03,30.5512435859375,55.59234320331312,63.4341162741489,231.49,-2.4637091328125,10.656988232333354,10.938064768284896,45.251,22.401475148437502,30.847712238403282,38.1235811430327,166.13,1.6216062812499998,4.912923985655517,5.173628225937649,19.274,5.765676742187499,174.3387571059932,174.43407137815106,495.02,1.6692365937500009,102.67881038938057,102.69237777841296,489.32,-0.45638927343749763,124.59297345374604,124.5938093374417,501.56,data_010-4714594,METALLICADOUR-Detection_and_Diagnostics_of_Multi-axis_Robot_Faults/METALLICADOUR-Detection_and_diagnostics_of_multi-axis_robot_positioning_drifts/Data_with_unique_drifts/Healthy_robot/Robot_tool_data-5mm_648mm_mn_9000rpm/data_010.csv,Robot_tool_data-5mm_648mm_mn_9000rpm,Robot_tool_data-5mm_648mm_mn_9000rpm,5.0,648.0,9000.0,0,0,,train
-4.000000000000114e-06,0.13108470180192652,0.1310847018629558,0.303,0.00086096875,0.1328387778650742,0.13284156793667787,0.345,-0.00014881249999999983,0.1331575186638548,0.13315760181782713,0.395,-241.1118444921875,60.87480568817497,248.67783078110898,470.75,-45.06979096875,47.53411234687421,65.50402960560578,241.45,24.4281961328125,65.76758294607355,70.15776316895958,256.9,3.69822634375,10.597862713211612,11.224596749001163,36.825,15.4419692421875,32.84329438958035,36.292373860596456,140.75,7.7918848984375,6.948898912910821,10.440338422309479,35.232,2.5337104687499985,226.3355080124474,226.34968936579543,495.02,6.8424087890625,146.18349080320428,146.34353945920247,489.32,12.0944174765625,185.9441178147841,186.3370330450061,501.56,data_009-9449078,METALLICADOUR-Detection_and_Diagnostics_of_Multi-axis_Robot_Faults/METALLICADOUR-Detection_and_diagnostics_of_multi-axis_robot_positioning_drifts/Data_with_unique_drifts/Drifts_axis_4_0.085/Robot_tool_data-5mm_648mm_mn_9000rpm/data_009.csv,Robot_tool_data-5mm_648mm_mn_9000rpm,Robot_tool_data-5mm_648mm_mn_9000rpm,5.0,648.0,9000.0,1,0,1.0,train
-0.0005154296874999997,0.13088290531062388,0.13088392021296008,0.284,0.00123809375,0.13265117348516453,0.13265695120544946,0.33,7.662500000000014e-05,0.1330081475553636,0.13300816962690676,0.399,-30.961877617187497,94.50565181977412,99.44825836314114,329.28,-234.750603984375,35.9602886961791,237.48892276091829,335.11,19.2033126328125,46.23376249429448,50.06324011140676,174.69,2.0108937656249997,11.963861454612042,12.13168061901488,44.035,8.495884109375,26.60269531613715,27.926393338258993,106.55,27.3442373984375,5.654563700386434,27.92277582089281,46.563,-11.0039656953125,240.800895588752,241.05219056745503,495.02,-8.642941531249999,173.90428438740076,174.118926503142,489.32,-13.905834414062499,184.7109100900004,185.23361610956997,501.56,data_008-5148418,METALLICADOUR-Detection_and_Diagnostics_of_Multi-axis_Robot_Faults/METALLICADOUR-Detection_and_diagnostics_of_multi-axis_robot_positioning_drifts/Data_with_unique_drifts/Drifts_axis_4_0.085/Robot_tool_data-5mm_648mm_mn_9000rpm/data_008.csv,Robot_tool_data-5mm_648mm_mn_9000rpm,Robot_tool_data-5mm_648mm_mn_9000rpm,5.0,648.0,9000.0,1,0,1.0,train
-0.0003177968749999998,0.13111164596736338,0.13111203111509256,0.293,0.0010162421874999998,0.13286544395413297,0.1328693303411758,0.349,6.575781250000007e-05,0.13316670865159053,0.1331667248872161,0.384,-72.547694875,140.51147431693877,158.1348868731876,388.06,160.3486197109375,116.63748907877019,198.28258547286265,307.57,0.8443796640625005,44.02039029499874,44.028487808930045,195.87,3.466427328125,9.487797350334569,10.101208689171187,37.378,4.8417738125,23.240223013153734,23.73922364679459,103.45,-15.7110729765625,13.25914475590318,20.55827652632553,40.451,7.842917429687499,217.64420694439485,217.78547281731963,495.02,1.7408576328125005,107.71810286008383,107.73216914679348,489.32,3.2035843281249994,124.69615423047692,124.73729928300635,501.56,data_000-6734253,METALLICADOUR-Detection_and_Diagnostics_of_Multi-axis_Robot_Faults/METALLICADOUR-Detection_and_diagnostics_of_multi-axis_robot_positioning_drifts/Data_with_unique_drifts/Drifts_axis_4_0.085/Robot_tool_data-5mm_648mm_mn_9000rpm/data_000.csv,Robot_tool_data-5mm_648mm_mn_9000rpm,Robot_tool_data-5mm_648mm_mn_9000rpm,5.0,648.0,9000.0,1,0,1.0,train
-0.00017193749999999978,0.13078497679873669,0.13078508981818227,0.303,0.0011320078125,0.13255721460656125,0.1325620480602857,0.339,-7.05234375e-05,0.13294970754906632,0.13294972625371404,0.395,206.16533058593748,52.25096233088516,212.68358328773868,407.35,37.030481437500015,105.0171736140746,111.35467349591448,264.18,-13.155152664062502,37.90463395993455,40.12255372295505,192.79,1.848868703125,9.981236376697586,10.151029262538172,41.433,-4.740936203125,23.037167905803773,23.519940076503104,95.232,-3.9130679296875,11.994003457527858,12.61618878907331,36.415,4.704567562499999,229.5209453873099,229.56915587124206,495.02,-0.030009117187498987,106.51751593180778,106.51752015903317,489.32,0.4103041640625006,124.5095547685414,124.51023081726039,501.56,data_001-5374366,METALLICADOUR-Detection_and_Diagnostics_of_Multi-axis_Robot_Faults/METALLICADOUR-Detection_and_diagnostics_of_multi-axis_robot_positioning_drifts/Data_with_unique_drifts/Drifts_axis_4_0.085/Robot_tool_data-5mm_648mm_mn_9000rpm/data_001.csv,Robot_tool_data-5mm_648mm_mn_9000rpm,Robot_tool_data-5mm_648mm_mn_9000rpm,5.0,648.0,9000.0,1,0,1.0,held_out
-0.00015902343750000004,0.13119436070905954,0.13119445708684685,0.3,0.001295734375,0.13290124509360116,0.13290756139136706,0.34,-0.00032385156249999987,0.13324588896042147,0.13324628251732767,0.401,-231.17546990625002,54.57958622822016,237.53111189740855,459.91,-48.447420906249995,84.77805641335264,97.64461808872495,239.81,20.63778946875,49.61980676761129,53.74052081820133,222.88,3.3084065546875,9.313926400038303,9.884066921891499,35.864,14.9824865703125,25.963609358587856,29.976389288153857,113.89,7.908311523437498,9.821171260124494,12.609393168286477,36.01,6.050966828125,251.00464049356637,251.07756520418062,495.02,1.134646367187501,122.54714296872767,122.55239561989946,489.32,16.010547781250004,146.62958366598497,147.50109303430867,501.56,data_003-1804077,METALLICADOUR-Detection_and_Diagnostics_of_Multi-axis_Robot_Faults/METALLICADOUR-Detection_and_diagnostics_of_multi-axis_robot_positioning_drifts/Data_with_unique_drifts/Drifts_axis_4_0.085/Robot_tool_data-5mm_648mm_mn_9000rpm/data_003.csv,Robot_tool_data-5mm_648mm_mn_9000rpm,Robot_tool_data-5mm_648mm_mn_9000rpm,5.0,648.0,9000.0,1,0,1.0,held_out
-8.451562499999996e-05,0.1309268904923054,0.13092691777046842,0.282,0.0010809765625,0.13269093706328938,0.13269534011811604,0.32,-0.00016660937500000023,0.13307113367036505,0.13307123797049458,0.406,20.375857710937503,111.47818103489402,113.32502117495932,334.18,-216.48741817968752,32.86198995193087,218.96737796691932,311.84,14.065018656249999,37.90681803548912,40.43206157712396,171.97,0.8673914374999999,9.300905809859081,9.341264196548492,33.926,6.487905421875,22.77475839576999,23.680847466864243,96.351,24.594330624999998,5.426626711544911,25.185896377898995,43.661,4.0017452187499964,230.29132773482826,230.32609403770533,495.02,5.966424070312498,129.84098521443363,129.97799682116036,489.32,2.1358381875000014,145.07836198947254,145.09408300241472,501.56,data_002-8537053,METALLICADOUR-Detection_and_Diagnostics_of_Multi-axis_Robot_Faults/METALLICADOUR-Detection_and_diagnostics_of_multi-axis_robot_positioning_drifts/Data_with_unique_drifts/Drifts_axis_4_0.085/Robot_tool_data-5mm_648mm_mn_9000rpm/data_002.csv,Robot_tool_data-5mm_648mm_mn_9000rpm,Robot_tool_data-5mm_648mm_mn_9000rpm,5.0,648.0,9000.0,1,0,1.0,train
-0.00013395312499999998,0.13056616172580973,0.1305662304397657,0.295,0.0012789687499999997,0.13224760189767723,0.1322537862170683,0.315,-0.00031971875000000007,0.1326733462726063,0.13267373150420547,0.398,232.1374934921875,57.37636310566035,239.12311249243135,459.89,20.536401273437498,22.832256982010804,30.709212561643888,108.17,-8.7964592421875,44.44472940748723,45.30686115042871,196.57,2.4110635468750004,11.232535780177235,11.488389246540669,41.866,-4.502738984375001,29.627877574133446,29.96807948316425,118.07,-1.8938381875,5.614248347274924,5.925066040586595,22.11,6.4179205859375,202.29182504463668,202.39360707427812,495.02,7.286313429687502,152.79670544519476,152.9703355500708,489.32,8.763977812499999,175.42406598439175,175.64284851252617,501.56,data_006-708769,METALLICADOUR-Detection_and_Diagnostics_of_Multi-axis_Robot_Faults/METALLICADOUR-Detection_and_diagnostics_of_multi-axis_robot_positioning_drifts/Data_with_unique_drifts/Drifts_axis_4_0.085/Robot_tool_data-5mm_648mm_mn_9000rpm/data_006.csv,Robot_tool_data-5mm_648mm_mn_9000rpm,Robot_tool_data-5mm_648mm_mn_9000rpm,5.0,648.0,9000.0,1,0,1.0,train
-0.0003138281249999998,0.13074741391814584,0.13074779055255578,0.311,0.0012751796874999996,0.13245725526165822,0.1324633932627709,0.313,-0.00021293750000000005,0.13285328568385538,0.1328534563320616,0.404,99.36144682812498,99.11374759969358,140.34326517162864,443.58,-183.89002778906254,81.31025763447992,201.0644183261864,326.62,14.3975627890625,45.495961289055764,47.719726611541454,249.4,0.866468921875,11.82553091731653,11.857231964880521,46.748,3.8177310703125005,28.218231170176637,28.47531634413844,118.19,20.7069971328125,10.357013435068389,23.152698709923474,50.105,15.974994140625004,221.914354818558,222.48860939906533,495.02,14.3638823203125,138.02382712766527,138.7692255879502,489.32,3.0812408046875026,181.30009335246956,181.32627469429423,501.56,data_007-6484115,METALLICADOUR-Detection_and_Diagnostics_of_Multi-axis_Robot_Faults/METALLICADOUR-Detection_and_diagnostics_of_multi-axis_robot_positioning_drifts/Data_with_unique_drifts/Drifts_axis_4_0.085/Robot_tool_data-5mm_648mm_mn_9000rpm/data_007.csv,Robot_tool_data-5mm_648mm_mn_9000rpm,Robot_tool_data-5mm_648mm_mn_9000rpm,5.0,648.0,9000.0,1,0,1.0,train
-1.7429687500000067e-05,0.13076075637263457,0.13076075753427516,0.285,0.0008798828125,0.13251255353851865,0.13251547471545538,0.333,2.140625000000007e-05,0.13291934659041346,0.13291934831411867,0.385,70.32393473437502,107.8331395978122,128.7378801753621,396.74,201.84339063281251,70.85255423469435,213.917831850761,341.52,-5.346650851562499,47.804490024268965,48.10255649972198,194.65,2.9209734453125002,13.231428917079976,13.55001096147014,50.749,-1.1051884765624995,26.92497102089231,26.94764379393154,115.08,-21.1182267734375,8.696869450789842,22.83889314959055,45.498,-8.378849929687497,199.4096183390045,199.58557315660786,495.02,-4.7545705156250015,118.28531054049706,118.3808288129876,489.32,12.200746835937501,153.47972645277972,153.96390698918603,501.56,data_005-7232071,METALLICADOUR-Detection_and_Diagnostics_of_Multi-axis_Robot_Faults/METALLICADOUR-Detection_and_diagnostics_of_multi-axis_robot_positioning_drifts/Data_with_unique_drifts/Drifts_axis_4_0.085/Robot_tool_data-5mm_648mm_mn_9000rpm/data_005.csv,Robot_tool_data-5mm_648mm_mn_9000rpm,Robot_tool_data-5mm_648mm_mn_9000rpm,5.0,648.0,9000.0,1,0,1.0,held_out
-0.0005299453125000003,0.1310150678124591,0.13101613960095718,0.301,0.0013390625,0.13281110201286297,0.13281785236273774,0.341,1.1203124999999786e-05,0.13314129371926647,0.1331412941906079,0.431,-116.622848703125,122.36534762226607,169.03895154179702,477.74,145.6899619609375,131.4816175249632,196.24724396322136,322.25,6.702009804687501,54.864951318319065,55.27277646892409,250.2,3.6807367890625002,11.47764815390697,12.053390828113148,48.824,6.823120476562501,28.76771860573132,29.565801305160434,121.43,-13.887594906249998,15.03432370398625,20.466953400942305,43.849,6.025685328125,238.6142756785029,238.69034635118814,495.02,1.3856268671875,129.86578638187274,129.87317827171734,489.32,-12.277702078125,159.27283716161242,159.74535556888253,501.56,data_004-4135424,METALLICADOUR-Detection_and_Diagnostics_of_Multi-axis_Robot_Faults/METALLICADOUR-Detection_and_diagnostics_of_multi-axis_robot_positioning_drifts/Data_with_unique_drifts/Drifts_axis_4_0.085/Robot_tool_data-5mm_648mm_mn_9000rpm/data_004.csv,Robot_tool_data-5mm_648mm_mn_9000rpm,Robot_tool_data-5mm_648mm_mn_9000rpm,5.0,648.0,9000.0,1,0,1.0,train
-0.0005878906250000001,0.1276213943917243,0.12762274844977678,0.294,0.0010277265625,0.12899059336459473,0.1289946874814521,0.339,-4.7265624999999616e-06,0.12987314538318578,0.1298731454691943,0.39,-69.593577796875,109.04779295055876,129.3626190905148,458.78,-5.7588340078125,21.2458066512772,22.012461684077774,132.19,10.110255781249998,35.8159427498301,37.21557505966294,234.65,3.08162853125,6.237625304044127,6.957327348793187,36.325,5.5557437265625,20.20688295921491,20.95672701741969,124.59,1.892006828125,3.6614007197319136,4.121352334868374,23.136,-17.974932679687495,135.52639596209764,136.71321153171178,495.02,-16.557445656250003,78.88642066119462,80.60531230256865,489.32,-21.756279882812496,92.90169209887131,95.41519852294371,501.56,data_010-2752626,METALLICADOUR-Detection_and_Diagnostics_of_Multi-axis_Robot_Faults/METALLICADOUR-Detection_and_diagnostics_of_multi-axis_robot_positioning_drifts/Data_with_unique_drifts/Drifts_axis_4_0.085/Robot_tool_data-5mm_648mm_mn_9000rpm/data_010.csv,Robot_tool_data-5mm_648mm_mn_9000rpm,Robot_tool_data-5mm_648mm_mn_9000rpm,5.0,648.0,9000.0,1,0,1.0,train
-0.0007325703124999999,0.13006583419003526,0.13006789720300893,0.296,0.0006372890624999998,0.13156678572055455,0.13156832917608818,0.337,0.00021079687499999978,0.1320482807145837,0.13204844896855095,0.33,105.6812946640625,96.89017701717204,143.37448323984063,468.4,-138.89989734374998,86.70942805155579,163.74280562862057,294.2,-1.6471495937499994,48.315848729293265,48.34391730317414,244.54,-2.334379234375,11.33472085982905,11.572606594027338,41.377,-4.1772635156249995,29.68522749973114,29.97769607874771,158.1,12.346573398437501,10.539517779157412,16.233277848302226,40.181,15.662205195312497,190.7041229248784,191.3461971718466,495.02,5.479158429687499,118.88795841709229,119.0141497204508,489.32,-1.0975076093750014,143.81516928698764,143.81935697254923,501.56,data_009-6937297,METALLICADOUR-Detection_and_Diagnostics_of_Multi-axis_Robot_Faults/METALLICADOUR-Detection_and_diagnostics_of_multi-axis_robot_positioning_drifts/Data_with_unique_drifts/Drifts_axis_2_0.120/Robot_tool_data-5mm_648mm_mn_9000rpm/data_009.csv,Robot_tool_data-5mm_648mm_mn_9000rpm,Robot_tool_data-5mm_648mm_mn_9000rpm,5.0,648.0,9000.0,1,0,1.0,train
-0.0006968203124999998,0.1297946371167337,0.1297965075909691,0.288,0.0007127812499999997,0.131285776751576,0.13128771166554393,0.305,0.0001156328125000001,0.13178160239811615,0.13178165312957074,0.361,196.8437460546875,61.35294389790992,206.18352040301954,405.78,14.471576953124998,27.312751991085822,30.90975510800403,163.76,-17.027680070312503,45.53461540318475,48.614227223034895,204.54,-1.5721156953125002,11.24415507860628,11.353526817301985,44.588,-9.272335882812499,29.526900983942326,30.948571767356672,135.03,-4.6932667578125,5.472471530506802,7.2093479255890625,28.703,-6.241030257812499,162.4710195683985,162.59084432486924,495.02,1.333709242187501,111.36326130871072,111.37124740997957,489.32,2.370984499999997,164.74929027771654,164.76635037079188,501.56,data_008-6841395,METALLICADOUR-Detection_and_Diagnostics_of_Multi-axis_Robot_Faults/METALLICADOUR-Detection_and_diagnostics_of_multi-axis_robot_positioning_drifts/Data_with_unique_drifts/Drifts_axis_2_0.120/Robot_tool_data-5mm_648mm_mn_9000rpm/data_008.csv,Robot_tool_data-5mm_648mm_mn_9000rpm,Robot_tool_data-5mm_648mm_mn_9000rpm,5.0,648.0,9000.0,1,0,1.0,held_out
-0.0006771171875,0.1301403756698969,0.13014213717004766,0.275,0.0009286796874999998,0.1315867217583162,0.13158999881853672,0.322,-0.00018096874999999998,0.1321272216594163,0.13212734559176234,0.336,78.81254179687501,156.17259268418508,174.9322596040666,399.67,50.73901251562501,103.33047210640548,115.11574113384056,252.52,-16.6514439375,43.50904550998362,46.586560576989704,196.02,-1.0170176796875,10.259003126274695,10.309290475377582,42.307,-5.981469492187499,25.58562645091644,26.27550681094096,118.29,-8.055925437500001,11.457937146598823,14.006507712844368,38.016,16.440698500000003,199.6888408093163,200.36449214103874,495.02,6.240218289062501,119.75261828339951,119.91509458789892,489.32,17.0818162421875,151.63629509106312,152.59539454084398,501.56,data_000-6162656,METALLICADOUR-Detection_and_Diagnostics_of_Multi-axis_Robot_Faults/METALLICADOUR-Detection_and_diagnostics_of_multi-axis_robot_positioning_drifts/Data_with_unique_drifts/Drifts_axis_2_0.120/Robot_tool_data-5mm_648mm_mn_9000rpm/data_000.csv,Robot_tool_data-5mm_648mm_mn_9000rpm,Robot_tool_data-5mm_648mm_mn_9000rpm,5.0,648.0,9000.0,1,0,1.0,held_out
-0.0005990312500000001,0.13058894420685666,0.13059031812312888,0.299,0.00038575781249999987,0.13215910987791418,0.13215967286889183,0.314,0.0003559218750000001,0.13255176214499714,0.13255223999663301,0.353,-90.5314354765625,136.0611919966026,163.42762550126997,487.46,-135.517635140625,89.05350183568014,162.15904422296353,292.01,7.373960546875,45.11012399664767,45.70884576468538,192.66,-1.69464721875,9.816550859426219,9.961751852546758,42.045,3.1041465390625005,25.540709305547015,25.728652463089272,113.5,12.911312820312501,9.59664070841221,16.087184701815303,37.113,17.70499990625,241.42801184133847,242.07633490975894,495.02,6.319689984374998,182.33154808379427,182.4410367985547,489.32,15.453087460937507,183.28740107039764,183.93767776944497,501.56,data_001-7037491,METALLICADOUR-Detection_and_Diagnostics_of_Multi-axis_Robot_Faults/METALLICADOUR-Detection_and_diagnostics_of_multi-axis_robot_positioning_drifts/Data_with_unique_drifts/Drifts_axis_2_0.120/Robot_tool_data-5mm_648mm_mn_9000rpm/data_001.csv,Robot_tool_data-5mm_648mm_mn_9000rpm,Robot_tool_data-5mm_648mm_mn_9000rpm,5.0,648.0,9000.0,1,0,1.0,train
-0.00040540624999999984,0.13045656157615246,0.13045719149399163,0.299,0.00032935937500000017,0.13199294319641525,0.13199335411773577,0.31,0.00018373437500000006,0.13241093571880475,0.13241106319431922,0.344,190.505580328125,63.22343043336552,200.72264020762157,417.02,67.6745993125,99.92674647543997,120.68639547717996,275.39,-19.551096093749997,42.85896293787589,47.10770704011463,177.94,-1.3195055703124996,9.908429880842794,9.995903043430546,43.786,-9.51328590625,24.431618710525342,26.218440105211197,124.86,-10.409503546875001,11.108916606009277,15.223856024400384,37.766,10.521231429687505,236.81961822023325,237.05321741072,495.02,6.741831242187501,186.7460396185444,186.86769544709722,489.32,13.0945334921875,211.37802213482462,211.7832265525493,501.56,data_003-6806864,METALLICADOUR-Detection_and_Diagnostics_of_Multi-axis_Robot_Faults/METALLICADOUR-Detection_and_diagnostics_of_multi-axis_robot_positioning_drifts/Data_with_unique_drifts/Drifts_axis_2_0.120/Robot_tool_data-5mm_648mm_mn_9000rpm/data_003.csv,Robot_tool_data-5mm_648mm_mn_9000rpm,Robot_tool_data-5mm_648mm_mn_9000rpm,5.0,648.0,9000.0,1,0,1.0,held_out
-0.0008204140625000002,0.13063994217343544,0.13064251823320192,0.293,0.00090084375,0.13216147744771578,0.1321645475936153,0.338,3.5820312499999896e-05,0.13259067512825973,0.13259067996681556,0.351,-103.8755448125,129.26790339025175,165.8322033171035,425.23,138.62121889843752,109.41226920630119,176.59809450206603,312.13,-4.1782792734375,52.816595065730155,52.98160748810995,210.62,0.7305641015625001,9.880689541329643,9.907661162889696,45.737,0.7574773515624997,27.04590884215213,27.056514133127585,109.96,-16.2624815,12.590087990654528,20.566444032702048,42.285,19.3251798515625,246.6121338267424,247.36816110177628,495.02,11.579891335937502,184.25648442642205,184.62000416134876,489.32,6.405265531250004,209.00650134833813,209.1046269990186,501.56,data_002-5210715,METALLICADOUR-Detection_and_Diagnostics_of_Multi-axis_Robot_Faults/METALLICADOUR-Detection_and_diagnostics_of_multi-axis_robot_positioning_drifts/Data_with_unique_drifts/Drifts_axis_2_0.120/Robot_tool_data-5mm_648mm_mn_9000rpm/data_002.csv,Robot_tool_data-5mm_648mm_mn_9000rpm,Robot_tool_data-5mm_648mm_mn_9000rpm,5.0,648.0,9000.0,1,0,1.0,train
-0.0004939140624999999,0.1302173446126182,0.13021828131665114,0.287,0.000675875,0.1316762057538657,0.13167794032695834,0.336,-6.425781250000001e-05,0.13213829375173963,0.132138309375773,0.342,-124.178397703125,117.81100711679943,171.1715743165028,439.81,95.5843108359375,112.07837721073176,147.30214905483285,302.03,-3.443196953125,60.38215764632062,60.48024939832114,270.32,0.42622846093750005,11.622608952695696,11.63042172787364,43.883,1.3755525937500002,33.34283919801502,33.37120121785938,154.62,-11.640011882812498,13.020397183536842,17.464839519705592,42.764,-9.675330703125,213.0465231472156,213.26610853422517,495.02,-13.358723960937503,138.59107435246918,139.2334061783887,489.32,-24.7295586796875,192.59998273352596,194.1811124220031,501.56,data_006-5135082,METALLICADOUR-Detection_and_Diagnostics_of_Multi-axis_Robot_Faults/METALLICADOUR-Detection_and_diagnostics_of_multi-axis_robot_positioning_drifts/Data_with_unique_drifts/Drifts_axis_2_0.120/Robot_tool_data-5mm_648mm_mn_9000rpm/data_006.csv,Robot_tool_data-5mm_648mm_mn_9000rpm,Robot_tool_data-5mm_648mm_mn_9000rpm,5.0,648.0,9000.0,1,0,1.0,train
-0.0008096875,0.12825064613590587,0.12825320201899443,0.269,0.0007225859375000001,0.12942495051138875,0.12942696761228897,0.325,0.0002367265625,0.13033963344459776,0.13033984841919027,0.338,-82.483471140625,104.32870537886663,132.99624723065187,422.82,-4.598948492187501,22.362348758933333,22.830351930050508,128.04,-2.9975629374999997,39.520740236652266,39.634256551841844,220.04,-0.127201640625,7.382795685454744,7.38389141242928,47.514,-0.28468677343750004,21.560186474074516,21.562065934317054,140.56,-1.371513875,3.8641339825084007,4.100314834752783,25.685,-13.851650132812502,135.01016987315933,135.71887923417722,495.02,-14.040237250000002,106.32994103221824,107.25290029622182,489.32,-11.768978804687498,142.89313531230317,143.37697507440086,501.56,data_012-809492,METALLICADOUR-Detection_and_Diagnostics_of_Multi-axis_Robot_Faults/METALLICADOUR-Detection_and_diagnostics_of_multi-axis_robot_positioning_drifts/Data_with_unique_drifts/Drifts_axis_2_0.120/Robot_tool_data-5mm_648mm_mn_9000rpm/data_012.csv,Robot_tool_data-5mm_648mm_mn_9000rpm,Robot_tool_data-5mm_648mm_mn_9000rpm,5.0,648.0,9000.0,1,0,1.0,train
-0.0006831015624999999,0.1299509999194612,0.1299527953058821,0.283,0.0007653203124999999,0.131424610562032,0.1314268388745712,0.331,7.793749999999975e-05,0.13195562513159903,0.13195564814787203,0.345,37.20025935937499,91.47423929077596,98.74915569376229,346.89,190.013444265625,39.62288657168359,194.10070103417524,290.81,-12.50582821875,56.88414253010461,58.24260820758408,251.76,0.047620007812500004,13.037936406989102,13.038023370811848,52.158,-4.8007194765625,31.037433838946328,31.406515355887816,141.18,-22.748066539062503,6.098891246075419,23.55145442848637,42.936,-17.024363859375,169.3962285304993,170.2495556680649,495.02,-6.30263740625,115.71266505452314,115.88418396094836,489.32,-2.6779242734374993,146.29506784196664,146.31957542755475,501.56,data_007-3338697,METALLICADOUR-Detection_and_Diagnostics_of_Multi-axis_Robot_Faults/METALLICADOUR-Detection_and_diagnostics_of_multi-axis_robot_positioning_drifts/Data_with_unique_drifts/Drifts_axis_2_0.120/Robot_tool_data-5mm_648mm_mn_9000rpm/data_007.csv,Robot_tool_data-5mm_648mm_mn_9000rpm,Robot_tool_data-5mm_648mm_mn_9000rpm,5.0,648.0,9000.0,1,0,1.0,train
-0.0003210703124999998,0.13031490213533495,0.1303152976618152,0.29,0.0004327968750000001,0.1318814269144446,0.1318821370699042,0.334,1.9492187499999924e-05,0.13224913186054238,0.13224913329701823,0.345,-204.5738565625,67.15662308940108,215.31482720339116,430.12,-55.418170320312505,65.52520969717472,85.81798592084228,257.53,9.024690945312502,61.011342134949146,61.67518881824543,249.95,0.391899328125,11.838584840634967,11.84506969638832,52.001,6.467971546875,33.65803972152544,34.27387188263049,141.58,5.4443260546875,8.31814120033507,9.94143647660945,34.449,-0.07623489843749758,192.53280183443195,192.5328169273394,495.02,4.630043257812502,147.99461373974216,148.0670219749985,489.32,0.2632806250000076,184.1249193974566,184.12510763013117,501.56,data_011-5640738,METALLICADOUR-Detection_and_Diagnostics_of_Multi-axis_Robot_Faults/METALLICADOUR-Detection_and_diagnostics_of_multi-axis_robot_positioning_drifts/Data_with_unique_drifts/Drifts_axis_2_0.120/Robot_tool_data-5mm_648mm_mn_9000rpm/data_011.csv,Robot_tool_data-5mm_648mm_mn_9000rpm,Robot_tool_data-5mm_648mm_mn_9000rpm,5.0,648.0,9000.0,1,0,1.0,train
-0.0007780781249999999,0.13097248262061156,0.13097479379397778,0.297,0.0004129531249999998,0.13256199410923386,0.13256263731723203,0.329,0.0005085,0.13294705827038822,0.13294803073005632,0.363,-216.99758758593748,68.34257626114365,227.5052982858352,487.28,-69.5411842421875,101.0790873521148,122.69049761795866,287.47,13.07834146875,52.196057172472564,53.809584647395766,207.19,0.06731450000000001,11.163171696023593,11.163374649128842,50.993,7.6358982109375,27.90246256515733,28.92843512338344,126.96,6.9324640078125,11.3792543921494,13.324657134082932,36.285,6.772224851562502,245.4105878499611,245.50401149126586,495.02,-9.365066296874998,208.798388843686,209.00830521886914,489.32,11.857734984375002,204.96588753664304,205.3085992661863,501.56,data_005-4174386,METALLICADOUR-Detection_and_Diagnostics_of_Multi-axis_Robot_Faults/METALLICADOUR-Detection_and_diagnostics_of_multi-axis_robot_positioning_drifts/Data_with_unique_drifts/Drifts_axis_2_0.120/Robot_tool_data-5mm_648mm_mn_9000rpm/data_005.csv,Robot_tool_data-5mm_648mm_mn_9000rpm,Robot_tool_data-5mm_648mm_mn_9000rpm,5.0,648.0,9000.0,1,0,1.0,train
-0.0006966718749999998,0.1307747320353729,0.13077658770064693,0.292,0.000868125,0.13231277710026487,0.13231562502214167,0.327,-7.368749999999995e-05,0.1327400037131887,0.13274002416613084,0.342,52.611889929687486,112.28060977188095,123.99575110752367,366.12,-210.6461930703125,46.434938350443595,215.70355155774524,319.63,3.23342971875,52.76561447447228,52.86459248509095,233.22,-2.8130162734375004,9.954992203757268,10.344802092427491,39.766,-1.623788890625,27.97010401182107,28.017198446550758,124.81,20.334133445312503,6.690507298959813,21.406538040729775,42.234,16.2973140234375,212.36962693070714,212.99403955760422,495.02,18.8837748125,195.78826176150912,196.6968235502608,489.32,10.296216171874999,190.5405113417845,190.81849629909226,501.56,data_004-8152170,METALLICADOUR-Detection_and_Diagnostics_of_Multi-axis_Robot_Faults/METALLICADOUR-Detection_and_diagnostics_of_multi-axis_robot_positioning_drifts/Data_with_unique_drifts/Drifts_axis_2_0.120/Robot_tool_data-5mm_648mm_mn_9000rpm/data_004.csv,Robot_tool_data-5mm_648mm_mn_9000rpm,Robot_tool_data-5mm_648mm_mn_9000rpm,5.0,648.0,9000.0,1,0,1.0,train
-0.0007891484374999999,0.13024694197247433,0.1302493326218507,0.283,0.0005496406249999999,0.13173889008492654,0.1317400366844681,0.34,0.000347765625,0.13220600147003564,0.1322064588650078,0.347,-14.367180882812503,79.99565045328006,81.27558045294306,420.34,-217.55943803125,29.20274173054974,219.5106129576757,308.28,5.2545669921875,51.52542448149381,51.79266205046336,225.11,-1.5340466171875,12.069038794677411,12.166141395328792,48.234,0.032267570312499855,29.820707062635574,29.820724520232858,141.43,21.902210953125,5.068685996938584,22.4810680878545,39.943,-4.003175593749999,218.76503111762307,218.80165505482125,495.02,0.9990652109374996,139.77383464961542,139.77740512670044,489.32,-0.5923558124999986,170.29069015245662,170.29172040357273,501.56,data_010-5114104,METALLICADOUR-Detection_and_Diagnostics_of_Multi-axis_Robot_Faults/METALLICADOUR-Detection_and_diagnostics_of_multi-axis_robot_positioning_drifts/Data_with_unique_drifts/Drifts_axis_2_0.120/Robot_tool_data-5mm_648mm_mn_9000rpm/data_010.csv,Robot_tool_data-5mm_648mm_mn_9000rpm,Robot_tool_data-5mm_648mm_mn_9000rpm,5.0,648.0,9000.0,1,0,1.0,train
